star_name,Simbad_ID,GaiaDR3_ID,distance_pc,ra_combined,dec_combined
Wolf 1225,Wolf 1225,Gaia DR3 1901773448080491392,15.511090429657205,335.8726516821843,32.4583034620584
V* MR Del,HD 195434,Gaia DR3 4245659976227848704,44.5718994140625,307.80746807237955,5.2202899206669375
G  41-14,G  41-14,Gaia DR3 585250252550906624,6.804109682248078,134.73467,8.473907777777779
HD 270712,HD 270712,Gaia DR3 4654969496256092032,21.000499725341797,71.04411298673476,-70.3237255702916
RX J0817.7-8243,RX J0817.7-8243,Gaia DR3 5194528576741489408,26.53829210167351,124.41123926434372,-82.72453613172969
HD 143677,HD 143677,Gaia DR2 5991459247446282880,165.83747927031507,240.93898398005115,-43.93045676057183
HD 119022,HD 119022,Gaia DR2 5850195711494094976,123.15270935960592,205.7858383073601,-69.12771834316395
V* V577 Mon,Ross  614,Gaia DR3 3117120863519565568,4.115803904992429,97.35072947717475,-2.8171882203824805
V* bet Per,* bet Per,Gaia DR2 239863001382455424,27.570995312930794,47.04221833333333,40.95564666666667
V* DG CVn,V* DG CVn,Gaia DR3 1450067137649786752,18.285714285714285,202.94302916298565,29.276190837297328
V* TZ CrB,* sig CrB,Gaia DR3 1328866562170960512,22.649099349975586,243.66878716838013,33.85822643128281
V* V503 Hya,V* V503 Hya,,182.89560318969933,132.33255791666664,5.874885833333334
G 249-36,G 249-36,Gaia DR3 1005873614080407296,16.279698239513433,91.37515254235736,60.819401063972606
HD 132658,HD 132658,Gaia DR3 1181256645104905344,169.947998046875,224.99788755833146,12.023971483595556
V* UX Ari,V* UX Ari,Gaia DR3 118986060277836160,50.54691764896177,51.647398333333335,28.715062777777778
V* V454 Ser,RX J1536.5+1219,Gaia DR3 1190471995655261568,287.34539794921875,234.14342804355925,12.324988773215285
V* V358 Boo,StKM 1-1155,Gaia DR3 1227780314970612864,156.99879455566406,216.4827808139271,14.202674465419276
V* IU Boo,V* IU Boo,Gaia DR3 1259623683539532160,327.6348876953125,214.12864004037203,26.923703100624383
G 166-49,G 166-49,Gaia DR3 1283125607149311360,13.047522992997395,222.79153947058902,31.110378052770027
V* VY Ari,V* VY Ari,Gaia DR3 130173900330982016,41.49325942000722,42.18220291666666,31.115164444444446
V* V1079 Her,V* V1079 Her,Gaia DR3 1302463783295598080,409.2657771957109,245.0571302010139,24.603056641083416
RX J1702.8+4712,RX J1702.8+4712,Gaia DR3 1359944361409091712,355.8212354113293,255.70351674867763,47.2184549502057
BD+46  2361,BD+46  2361,Gaia DR3 1362592672604119168,21.48947875120341,266.3895674912594,46.85550915692615
HD 146696,HD 146696,Gaia DR3 1385525220983694848,87.42880249023438,243.927790976889,44.55230153450269
V* SS Boo,V* SS Boo,Gaia DR3 1388595877786275968,236.0614013671875,228.38528751659612,38.56811715351192
V* UX Com,V* UX Com,Gaia DR3 1463857693521711872,200.12120056152344,195.38727327070032,28.631706269874144
V* BM CVn,V* BM CVn,Gaia DR3 1476446929861764992,115.331298828125,200.38410378725064,38.88035556082892
V* IZ Boo,V* IZ Boo,Gaia DR3 1484942233437321728,36.002174531341694,215.01940028381375,39.050701619509155
FBS 1415+456,FBS 1415+456,Gaia DR3 1505209054532280960,18.991260222045813,214.34237220584717,45.42936021377157
V* alf02 CVn,* alf02 CVn,Gaia DR3 1517698716348324992,30.55982544227707,194.0056156711975,38.31862104268021
ATO J195.9855+48.2551,ATO J195.9855+48.2551,Gaia DR3 1555432443587108096,38.65316898005883,195.9855229375722,48.25508548157826
HD  31381,HD  31381,Gaia DR3 161743593580224512,221.1459784603817,74.21547458333333,33.97714361111111
V* V773 Tau,HD 283447,Gaia DR3 163184366130809984,120.10425048942481,63.553858749999996,28.203433055555553
V* V1023 Tau,V* V1023 Tau,Gaia DR3 164513538249595136,127.39340356956316,64.69595458333333,28.33541472222222
V* V987 Tau,HD 283572,Gaia DR3 164536250037820160,127.00831904489745,65.49520166666666,28.30180888888889
V* UV Equ,ASAS J210707+0632.7,Gaia DR3 1736744247468720256,264.28741455078125,316.77953287653554,6.542216951409636
V* NR Peg,V* NR Peg,Gaia DR3 1760839185799686016,158.84120178222656,317.4665836953068,16.15703911486121
Gaia DR3 1761821839956892160,,Gaia DR3 1761821839956892160,514.650390625,313.2657594194892,14.742333209942766
TYC 1132-530-1,TYC 1132-530-1,Gaia DR3 1770481073843604736,92.75240325927734,324.9239398109133,13.406102850046015
HD 191179,HD 191179,Gaia DR3 1809393688018632704,213.48809814453125,301.99677806229454,16.166098293272913
BD+05   378,BD+05   378,Gaia DR3 18211043587721088,44.29619982901667,40.357867500000005,5.988443333333334
Gaia DR3 1859797431337296384,,Gaia DR3 1859797431337296384,,311.0502263143901,31.451008080255836
V* V1396 Cyg,BD+40   883,Gaia DR3 1873073175244118784,14.968805010358414,315.02594408686326,40.069067417758205
V* V374 Peg,V* V374 Peg,Gaia DR3 1893189736896880640,9.102924951845527,330.306566078579,28.30710892040449
V* KX Peg,V* KX Peg,Gaia DR3 1894725956507457792,118.16000366210938,335.6354354643504,30.357428327232903
Wolf 1225 A,Wolf 1225 A,Gaia DR3 1901773448080491392,15.23305817352586,335.8726516821843,32.4583034620584
Wolf 1225 B,Wolf 1225 B,Gaia DR3 1901773452377248512,15.294939975008067,335.87225544810565,32.45820740596688
V* EV Lac,V* EV Lac,Gaia DR3 1934263333784036736,5.051594460017387,341.7028254522359,44.3319533233193
V* lam And,* lam And,Gaia DR3 1939115478598580352,25.924466474479956,354.39204130799976,46.456276552702825
V* AR Lac,V* AR Lac,Gaia DR3 1962909425622345728,42.86439895629883,332.16974273562016,45.74246076572013
V* HK Lac,V* HK Lac,Gaia DR3 1975290167073179904,143.70913271538407,331.2362582743688,47.234713453894415
V* V478 Lyr,V* V478 Lyr,Gaia DR3 2042389925739687808,27.037700653076172,286.88551501549904,30.25495170578353
EM* AS  431,EM* AS  431,Gaia DR3 2064671253991921408,1994.4156362185881,309.1817928817363,40.352041891603534
Schulte  9,Schulte  9,Gaia DR3 2067783623515353728,1917.9133103183738,308.2947182011725,41.25226316212749
MR 112,MR 112,Gaia DR3 2067867358199590400,1198.3223487118034,308.9461734598288,41.379063943276414
V* V1687 Cyg,HD 193793,Gaia DR3 2081261372633822592,1859.4272963927112,305.1165394492402,43.854515794667826
HD 192785,HD 192785,Gaia DR3 2081589817375031424,233.02870178222656,303.7044516373769,45.02852629624931
LSR J1835+3259,LSR J1835+3259,Gaia DR3 2091177593123254016,5.688508643688884,278.90744884954285,32.994787158699616
HD 181068,HD 181068,Gaia DR3 2101454419072479488,225.99859619140625,289.2874192155173,41.264772331425995
PM J05187+4629,PM J05187+4629,Gaia DR3 211890772739146112,47.85215597888763,79.68565208333332,46.499885
V* V1794 Cyg,HD 199178,Gaia DR3 2162964329341318656,112.05690002441406,313.4737146808538,44.386407242782255
V* V376 Cep,V* V376 Cep,Gaia DR3 2299477768899190400,40.05229949951172,329.5772953769142,82.87090202192456
BPM 46714,BPM 46714,Gaia DR3 2342601748810281088,101.63860321044922,13.189171233433843,-27.475769488931373
HD   4967B,HD   4967B,Gaia DR3 2349206343359507584,15.367285814612137,12.899607379310654,-22.90983482076865
HD 220096,HD 220096,Gaia DR3 2378896524563606144,101.40033867713117,350.314487065015,-26.9868190860127
V* FK Aqr,V* FK Aqr,Gaia DR3 2400808142038361088,8.879199981689453,339.6920274130413,-20.62148673061316
NAME GR* 215A,NAME GR* 215A,Gaia DR3 2407654319907293568,26.51183753545958,351.67240216046685,-15.075734252486633
BD-16    20,BD-16    20,Gaia DR3 2416398323566982144,121.89029693603516,3.03209276904684,-15.842625731869616
V* R Aqr,V* R Aqr,Gaia DR3 2419576358847950592,385.6388106899078,355.9562214699887,-15.284628588436991
* ome02 Aqr B,* ome02 Aqr B,Gaia DR3 2419886558565222400,49.62138880342983,355.6826080194672,-14.545021776793222
LP  704-15,LP  704-15,Gaia DR3 2421080250237097344,19.831944105648734,359.33671447287855,-12.980168707826211
Barta 161 12,Barta 161 12,Gaia DR3 2477870708709917568,37.281159593187986,23.808452780623654,-7.214511232156196
G 271-110,G 271-110,Gaia DR3 2478001486169801216,23.981447951864435,24.230680617429513,-6.794333571507654
V* BY Cet,V* BY Cet,Gaia DR3 2498548845936384000,69.0186996459961,41.86228921936618,-0.20602888194823837
1RXS J015647.6-002100,1RXS J015647.6-002100,Gaia DR3 2507484130258715136,69.45690155029297,29.196762079877495,-0.35374773219551936
BD+02   305B,BD+02   305B,Gaia DR3 2517883865285522944,23.86526625284295,29.803700042586325,3.52002494990192
V* AR Psc,HD   8357,Gaia DR3 2566277181659646208,45.49383558527819,20.736909562526307,7.420286170441353
BD-08  6022,BD-08  6022,Gaia DR3 2607494058654223744,196.72030639648438,346.4708890448821,-7.763575983131371
V* AF Psc,V* AF Psc,Gaia DR3 2640348977921037056,34.92729882749058,352.9376079423676,-2.7446366226582546
BD+05  5154,BD+05  5154,Gaia DR3 2664052288247453824,435.8147888183594,349.30618709688804,5.852202883844909
HD 206069,HD 206069,Gaia DR3 2671331703762455552,79.10389709472656,324.93808460041487,-4.988637837564529
V* FF Aqr,V* FF Aqr,Gaia DR3 2676368463450484096,204.94410705566406,330.1519124765948,-2.740842056905452
PM J22035+0340,PM J22035+0340,Gaia DR3 2683961454529115264,21.780940370319545,330.8891066922998,3.6726214722133177
HD 202244,HD 202244,Gaia DR3 2688905232468944000,273.1642150878906,318.63546484844545,-0.9812364340868791
RX J2137.6+0137,RX J2137.6+0137,Gaia DR3 2694353690543010560,35.9114137246241,324.41783640012886,1.6201909639896472
* ome Psc,* ome Psc,Gaia DR3 2745491430891511168,32.59410095214844,359.82854365060507,6.8628259218808925
V* BL Psc,BD+08   102,Gaia DR3 2750199780197751936,93.5988998413086,11.005611832739929,9.54918616463096
Gaia DR3 2774887080416334336,,Gaia DR3 2774887080416334336,,12.61628085322762,11.486990075620447
BD+21    20A,BD+21    20A,Gaia DR3 2800343793960754304,195.68980407714844,4.373231619212489,22.003256079562306
HD  17662,HD  17662,Gaia DR3 28502060106925824,82.7848834802765,42.62574,11.870098611111112
* del And B,* del And B,Gaia DR3 2858629802997575936,32.341631117823795,9.824437133897435,30.864458377662235
Gaia DR2 2859702307870926208,Gaia DR2 2859702307870926208,Gaia DR3 2859702307870926208,32.7515565177235,8.523773108345857,32.036295462636296
V* AP Col,V* AP Col,Gaia DR3 2886233695250041216,8.66564643122683,91.21742524933883,-34.558412822381825
2MASS J05433079-3536138,2MASS J05433079-3536138,Gaia DR3 2888168526477159040,58.675460162296325,85.8786018966627,-35.60351127839271
Gaia DR3 2890290412120413440,,Gaia DR3 2890290412120413440,,88.2164838189975,-33.199134033094175
2MASS J06012552-3225117,2MASS J06012552-3225117,Gaia DR3 2890783233848205952,27.383605982770234,90.35658148744194,-32.41928517351638
UCAC4 299-008956,UCAC4 299-008956,Gaia DR3 2891290074348631808,231.62130737304688,90.0459582490192,-30.381627365067658
HD  43162C,HD  43162C,Gaia DR3 2913314288686472576,16.669305973445795,93.44641834723038,-23.906400629805045
V* HR Psc,V* HR Psc,Gaia DR3 292071455599507456,218.84232410548202,24.115884166666664,25.143225
V* HY CMa,V* HY CMa,Gaia DR3 2944608653059127808,141.70309448242188,93.16175589286294,-16.80988337828651
HD  50044,HD  50044,Gaia DR3 2948864351471928320,251.93130493164062,102.695631552219,-14.741916578118017
UCAC4 345-006842,UCAC4 345-006842,Gaia DR3 2962794236080240128,48.30287836852198,77.113896193288,-21.02904956290413
PM J05243-1601A,PM J05243-1601A,Gaia DR3 2983928735054717696,31.190153892219307,81.07977038972696,-16.021054872828934
1RXS J061542.9-072339,1RXS J061542.9-072339,Gaia DR3 3007596105097395328,237.06300354003906,93.92668468794776,-7.396035301151579
V* AF Lep,V* AF Lep,Gaia DR3 3009908378049913216,26.813800811767578,81.769924030883,-11.901181972232846
V* PR Ori,V* PR Ori,Gaia DR3 3016976829066516096,333.9455668725998,84.10414202670398,-6.292365165297001
V* R CMa,V* R CMa,Gaia DR3 3030977013710528768,43.3656005859375,109.86817814451368,-16.395865810285567
HD  54662,HD  54662,Gaia DR3 3046582725837564800,1381.5971262779774,107.33436068593406,-10.346551401559852
V* VV Mon,V* VV Mon,Gaia DR3 3053264114407619840,278.95440673828125,105.82622086843637,-5.7376030355467575
Gaia DR3 3068506094341647616,,Gaia DR3 3068506094341647616,,119.53431942661976,-4.613231406471316
V* GK Hya,V* GK Hya,Gaia DR3 3079656860229282944,226.35899353027344,127.7052518075816,2.2741016945132277
ASAS J073522+0047.2,ASAS J073522+0047.2,Gaia DR3 3086625633648315392,293.55889892578125,113.84299612732774,0.7844705794759429
HD  57135,HD  57135,Gaia DR3 3109948092042360576,321.6099853515625,109.96061344510191,-1.4163974061830729
HD  30900,HD  30900,Gaia DR3 3180844498721017856,361.0745849609375,72.75200455969846,-12.239342120154173
V* DY Eri,* omi02 Eri C,Gaia DR3 3195919254111314816,5.013747696182933,63.82965602087436,-7.670903382610344
1RXS J052241.4-060623,1RXS J052241.4-060623,Gaia DR3 3209175447332278144,70.5238511664645,80.66965027702403,-6.106780178548591
V* EZ Eri,V* EZ Eri,Gaia DR3 3211720748030043520,277.1788024902344,76.86870784363444,-5.407153376414863
2MASS J05443413-0122020,2MASS J05443413-0122020,Gaia DR3 3218175877717002496,425.29664440947556,86.1422373555717,-1.3672280453787387
ATO J085.9661+00.6108,ATO J085.9661+00.6108,Gaia DR3 3219429458412787328,391.52734818527074,85.96612154963654,0.6108851979723494
V* V1198 Ori,V* V1198 Ori,Gaia DR3 3228407348810503168,33.592899322509766,74.57005520731845,0.4536638886466193
V* V1801 Ori,V* V1801 Ori,Gaia DR3 3238176612703359104,280.5044860839844,75.40816348849123,2.9070513239864693
1RXS J032145.2-034320,1RXS J032145.2-034320,Gaia DR3 3260931589953722624,463.85528564453125,50.444592413312606,-3.726595622869778
[R78b] 233,[R78b] 233,Gaia DR3 3274291270411229056,26.77641426326035,54.17069902375673,3.488224272872074
LP  476-207 A,LP  476-207 A,Gaia DR3 3291643148740384128,23.717199325561523,75.49514106880602,9.98252583775703
LP  476-207 B,LP  476-207 B,Gaia DR3 3291643148741783296,23.75251776688329,75.49535739653825,9.982201206120338
HD  28867A,HD  28867A,Gaia DR3 3314244361868724224,157.9753874346377,68.38775985323895,18.016635154811393
Gaia DR3 3315807764324564352,,Gaia DR3 3315807764324564352,,88.51247156921235,1.6727487312838014
V* V1859 Ori,RX J0522.9+0857,Gaia DR3 3338340507084907264,274.36590576171875,80.72830921802404,8.967925350715698
HD 251108,HD 251108,Gaia DR3 3342754943193083392,496.560791015625,91.0624784561563,12.764171043053425
V* CP Ori,V* CP Ori,Gaia DR3 3349474810366412928,316.1636962890625,91.75782393246104,17.699495212980576
V* V406 Gem,V* V406 Gem,Gaia DR3 3354424094460822144,677.197998046875,101.81492369792859,14.577538838629808
V* V1358 Tau,V* V1358 Tau,Gaia DR3 3407734839146301312,600.5391235351562,78.16401627894709,19.476449539254883
V* HU Tau,V* HU Tau,Gaia DR3 3411229847309096704,127.14219665527344,69.56589773058752,20.684692867116883
LSR J0510+2713,LSR J0510+2713,Gaia DR3 3421840993510952192,10.275538566665125,77.58263149822184,27.23104763817728
1RXS J051111.1+281353,1RXS J051111.1+281353,Gaia DR3 3422476266419055232,139.51671410234945,77.7939614141563,28.230585741218082
HD 250174,HD 250174,Gaia DR3 3429973634348039296,424.1422119140625,90.19227302498544,26.703348559517732
HD 243628,HD 243628,Gaia DR3 3445484341801118080,136.15069580078125,81.71847032308989,28.574149090430975
SCR J1217-3557,SCR J1217-3557,Gaia DR3 3461794772163223424,39.64649963378906,184.48145842220043,-35.95397488028569
CD-34  7904,CD-34  7904,Gaia DR3 3462592639648769024,598.4674072265625,181.43482511396093,-35.18500191515598
V* V550 Hya,CD-26  8623,Gaia DR3 3485098646237003392,45.959050486016956,173.1714897627468,-26.86566666910962
V* LW Hya,PN A66   35,Gaia DR3 3499149202247569536,114.31880187988281,193.38633689778018,-22.872994020726686
HD 114483,HD 114483,Gaia DR3 3504877314230709376,363.2604064941406,197.77221106236624,-21.374193172022338
V* UY Vir,V* UY Vir,Gaia DR3 3508999005366339200,155.75830078125,195.4726356250579,-19.774852167854228
TYC 6106-245-1,TYC 6106-245-1,Gaia DR3 3517188099251256064,174.9958038330078,188.60756147671358,-17.76243455806518
Gaia DR3 3531972029519928320,,Gaia DR3 3531972029519928320,207.1387939453125,167.0635347200972,-28.234885048884497
LP  732-30,LP  732-30,Gaia DR3 3560263941171621760,44.16122379583383,172.23080992616696,-15.938932629592346
V* HU Vir,V* HU Vir,Gaia DR3 3582095053777917952,156.72079467773438,183.33616240740196,-9.079683847160497
BD-09  3290,BD-09  3290,Gaia DR3 3589840838316859776,346.1794128417969,171.9773573768547,-10.190003004939264
TYC 6121-132-1,TYC 6121-132-1,Gaia DR3 3604703658543878272,334.1412048339844,202.62612625660418,-15.861989572963589
LP  798-25,LP  798-25,Gaia DR3 3605249600427076352,20.219257629736866,205.53867405527558,-16.006700484773564
LP  737-51,LP  737-51,Gaia DR3 3608334005420675584,19.389201378184435,200.47435509523027,-14.402375689120356
HD 117332,HD 117332,Gaia DR3 3632150492429910400,187.37530517578125,202.42990652126412,-4.9061486494181885
HD 116546,HD 116546,Gaia DR3 3635396697431775104,77.7052001953125,201.1073048041321,-4.6165392815059025
V* CM Vir,V* CM Vir,Gaia DR3 3649978661157413632,416.7255859375,218.03166283467704,-1.2462526192013532
* 109 Vir,* 109 Vir,Gaia DR3 3655377057091634304,43.45819854736328,221.56166928298174,1.8927928769364972
2MASS J13582164-0046262,2MASS J13582164-0046262,Gaia DR3 3660329566700404992,45.900194616825175,209.58970992035074,-0.7742583239108054
PM J14175+0233,PM J14175+0233,Gaia DR3 3666886156399692672,30.138500213623047,214.37574940964646,2.5618019762869007
V* IS Vir,V* IS Vir,Gaia DR3 3677941161701409792,247.9297862845242,196.60835615320133,-4.846004612592078
BD+07  2577,BD+07  2577,Gaia DR3 3709571332390062080,221.19000221190004,192.17897555467178,6.9063364042455335
V* DM Boo,V* DM Boo,Gaia DR3 3727040991606643584,174.41659545898438,207.3445893987187,10.59077149236491
BD-05  3253,BD-05  3253,Gaia DR3 3784918459059621888,56.73243847367048,169.83041757382762,-5.829658566842194
PM J09205+0135,PM J09205+0135,Gaia DR3 3844225734009010048,34.448191642179744,140.130084602766,1.592086169328649
BD+03  2186,BD+03  2186,Gaia DR3 3845433483107682688,423.40411376953125,139.53406589848322,3.067501755968236
V* V498 And,V* V498 And,Gaia DR3 387742126997049728,126.62074554294976,10.087084166666665,43.723708333333335
V* IN Leo,V* IN Leo,Gaia DR3 3884704946075965696,234.03856955626287,159.99585907089082,13.45601320273339
V* PW Com,BD+14  2519,Gaia DR3 3931907289493655040,204.3842010498047,188.98908124294735,13.490205538452708
PM J03510+1413,PM J03510+1413,Gaia DR3 39527339939738112,40.03314744608536,57.75330333333333,14.227749444444445
LP  491-51,LP  491-51,Gaia DR3 3968118399284369280,15.171600341796875,165.83769461159238,13.632847157123214
2MASS J18062369-3601237,2MASS J18062369-3601237,Gaia DR3 4038724053950164096,17.108699798583984,271.5994368768923,-36.02315817876133
HD 161529,HD 161529,Gaia DR3 4041035021153396864,261.11024074364195,266.91382660612965,-35.80690037717298
HD 162186,HD 162186,Gaia DR3 4043524762244704000,133.7156982421875,267.7784909872134,-32.30780580378923
ASAS J182019-3320.1,ASAS J182019-3320.1,Gaia DR3 4045501993383480960,250.64280700683594,275.0767391087396,-33.33572875107981
LP  923-19,LP  923-19,Gaia DR3 4046709875578636672,17.218164474794328,278.84201284819926,-31.396680739248108
Gaia DR3 4057846210342377600,,Gaia DR3 4057846210342377600,,261.15174736891186,-31.880436368832306
HD 314741,HD 314741,Gaia DR3 4063811988637931904,31.449211096539642,268.72572828931925,-26.828670553644802
Gaia DR3 4070354800072273792,Gaia DR3 4070354800072273792,Gaia DR3 4070354800072273792,101.1897964477539,269.14532270692183,-21.98836434165858
HD 315687,HD 315687,Gaia DR3 4076961323155541504,324.99688720703125,276.74824418548263,-25.34993072795592
V* V4138 Sgr,V* V4138 Sgr,Gaia DR3 4082719809063565696,75.59359741210938,290.6679563065285,-20.643374230682568
HD 179024,HD 179024,Gaia DR3 4083990466553336192,167.7458953857422,287.93899123541945,-19.189256044121965
2MASS J18565784-2126185,2MASS J18565784-2126185,Gaia DR3 4084819395253362944,555.5477905273438,284.2409648882147,-21.438540149120595
V* V4379 Sgr,HD 165202,Gaia DR3 4095030181777183616,168.7613983154297,271.3887877137938,-19.754209900269903
Gaia DR3 4117614627330721152,,Gaia DR3 4117614627330721152,321.6383972167969,263.81543841210464,-22.026812997577437
HD 154204,HD 154204,Gaia DR3 4127980792913041664,160.82220458984375,256.18883676213704,-20.49481074178544
V* V1010 Oph,V* V1010 Oph,Gaia DR3 4134106172174615680,75.08014805805196,252.3652839254988,-15.667907211497148
Gaia DR3 4135451184146617984,,Gaia DR3 4135451184146617984,132.75970458984375,257.28085211567696,-17.87890232263733
G 154-44,G 154-44,Gaia DR3 4145870293808914688,7.971246120992356,271.88396508794,-15.964616826018132
V* MY Ser,HD 167971,Gaia DR3 4153657378750644864,702.9998779296875,274.5245623363966,-12.242595907153905
Wolf 1473,Wolf 1473,Gaia DR3 4165561928540617856,13.065729766737526,266.6220201822353,-8.712042478984
TYC 5662-317-1,TYC 5662-317-1,Gaia DR3 4166093782931002112,226.07899475097656,262.11559210731315,-10.6080395590828
V* V1379 Aql,HD 185510,Gaia DR3 4208938315090181248,177.39669799804688,294.9118557189863,-6.063862831475821
V* AE Aqr,V* AE Aqr,Gaia DR3 4226332451596335616,91.87259674072266,310.0384797217098,-0.8707909181473499
V* V1658 Aql,V* V1658 Aql,Gaia DR3 4247697027679913728,262.5622863769531,302.68258415719015,4.913504062044551
RX J190333+10439,RX J190333+10439,Gaia DR3 4312555805552426496,670.5692749023438,285.890351499404,10.73343289785903
2MASS J19301355+1832024,2MASS J19301355+1832024,Gaia DR3 4323329438956658432,,292.55649874822103,18.533991985926967
IPHAS J193038.84+183909.8,IPHAS J193038.84+183909.8,Gaia DR3 4323332329499518848,7352.941176470587,292.661813024306,18.652701810508734
V* V2507 Oph,Wa Oph 4,Gaia DR3 4326516579568189568,127.45790100097656,252.07498290781626,-14.187834161738065
2MASS J16490082-1417108,2MASS J16490082-1417108,Gaia DR3 4326534485289519104,118.32219132698339,252.25333774835056,-14.286419427502903
G  19-7,G  19-7,Gaia DR3 4365609170043180416,8.706000328063965,254.27604768745735,-4.350649323558728
UCAC4 416-062694,UCAC4 416-062694,Gaia DR3 4397045027810215424,117.84429931640625,233.95560349148116,-6.957792914051912
V* PX Ser,V* PX Ser,Gaia DR3 4449776750782934528,190.8961944580078,242.408530761546,5.876967826689968
Gaia DR3 4495002202356966400,,Gaia DR3 4495002202356966400,143.7196044921875,269.09244049628114,11.114372761662493
Ross  733,Ross  733,Gaia DR3 4516199313406309504,18.120472147022262,288.6602687451435,19.3196359991605
V* U Sge,* U Sge,Gaia DR3 4516549576568929408,266.73919677734375,289.7017018251871,19.610483386305138
HD 347929,HD 347929,Gaia DR3 4527508855614868992,236.48880004882812,271.8505283074954,19.706300746451458
V* V775 Her,HD 175742,Gaia DR3 4533301804432654976,21.329784057266203,283.97240581277936,23.555387710673795
V* V1274 Her,V* V1274 Her,Gaia DR3 4549983418742839808,16.417072441973858,263.4709486275802,16.919716366320987
V* V1269 Her,BD+18  3387,Gaia DR3 4553778902819004160,513.765380859375,262.52074675395517,18.72757775886428
TYC 1563-1228-1,TYC 1563-1228-1,Gaia DR3 4557096473000131072,431.3691657320335,264.50342024846424,22.41841452691315
V* V818 Tau,HD  27130,Gaia DR3 45788547559850496,46.640920878341824,64.41227416666666,16.947829722222224
V* V815 Her,V* V815 Her,Gaia DR3 4590455518346609792,32.385398864746094,272.06734740577184,29.691025972297254
V* V835 Her,V* V835 Her,Gaia DR3 4608207477172347904,31.291200637817383,268.85208825690773,36.18878231603982
V* DN Hyi,V* DN Hyi,Gaia DR3 4631627865115662976,55.17393583271262,20.823607115889587,-79.69230383760336
V* BQ Hyi A,V* BQ Hyi A,Gaia DR3 4644868351640807808,283.868896484375,34.5037265772639,-71.46735247595306
V* YY Men,V* YY Men,Gaia DR3 4649182702130967296,219.3607826792726,74.57466483105831,-75.27723252538463
2MASS J05003851-7252026,2MASS J05003851-7252026,Gaia DR3 4649950401772979072,354.8044128417969,75.16069886077983,-72.86751341898106
HD 271037,HD 271037,Gaia DR3 4651456423469407744,142.07168937445834,76.71064912362031,-72.35312379146879
2MASS J04085395-7203535,2MASS J04085395-7203535,Gaia DR3 4653742651724109952,,62.22484923692996,-72.0647062591783
Flo 156,Flo 156,Gaia DR3 4685490259707560832,181.73350524902344,11.01431433569211,-74.626165947527
HD  12695,HD  12695,Gaia DR3 4713123529528076288,66.393798828125,30.550946474652072,-62.59175934688425
UCAC4 157-001576,UCAC4 157-001576,Gaia DR3 4717948633228035968,45.47159957885742,27.73788772434314,-58.73434458074919
L  173-39,L  173-39,Gaia DR3 4719084256940884608,20.910921565224303,27.111207764279293,-56.9782811568962
CD-58   693,CD-58   693,Gaia DR3 4729955162764256512,240.66600036621094,51.91630075781836,-58.16356101429644
LEHPM 3427,LEHPM 3427,Gaia DR3 4730672387943135616,29.649099349975586,54.19846408033787,-55.75124359679025
CD-53   544,CD-53   544,Gaia DR3 4742040410461492096,43.59749052844518,40.445863483694914,-52.99795055090574
V* ER Eri,V* ER Eri,Gaia DR3 4743636248509810944,207.62840270996094,32.53326142452378,-54.511076694507764
HD  13183,HD  13183,Gaia DR3 4743944043046490240,49.50709915161133,31.825892379213336,-53.19913777685722
EXO 0235.2-5216,EXO 0235.2-5216,Gaia DR3 4745195905754074496,38.83917474521501,39.21616683987317,-52.051001697179956
TYC 8055-1068-1,TYC 8055-1068-1,Gaia DR3 4746142619625208192,287.61252840173717,37.15194955215728,-50.351658552031985
V* MV Eri,V* MV Eri,Gaia DR3 4752256797628777728,361.5085144042969,42.79798080458583,-47.88549198147656
V* XZ Pic,V* XZ Pic,Gaia DR3 4759113214700934784,47.882630097105974,86.30565559325913,-59.92324383347157
ASAS J051837-5803.2,ASAS J051837-5803.2,Gaia DR3 4763215458223067136,318.1876034109711,79.65655716533693,-58.053296394174836
RX J0505.6-5755,RX J0505.6-5755,Gaia DR3 4763797134235000448,91.1552963256836,76.40222807726181,-57.92655614051509
CPD-56   965,CPD-56   965,Gaia DR3 4767150777842690048,63.45137403950483,88.42238883713685,-56.67702185382159
Gaia DR3 4767761453472575360,,Gaia DR3 4767761453472575360,99.36029815673828,88.17333912193988,-54.48617940627062
SIPS J0542-5314,SIPS J0542-5314,Gaia DR3 4768909313548256640,24.680299758911133,85.72842607413263,-53.248773630162184
HD  35139,HD  35139,Gaia DR3 4772070821795189760,159.34970092773438,79.93686815918612,-52.0380680207484
CD-56  1032B,CD-56  1032B,Gaia DR3 4776266798684508928,11.086299896240234,73.37843024194483,-55.858486559127094
V* AG Dor,V* AG Dor,Gaia DR3 4780401443441735168,33.64726229050373,61.87273873790832,-52.57248367150858
V* W Cae,V* W Cae,Gaia DR3 4787243704301393792,342.9419860839844,72.58987915393729,-45.78042576176694
CD-48  1893,CD-48  1893,Gaia DR3 4795596831576255488,24.53536158989143,84.22975768680871,-47.963304982766054
V* SZ Pic,V* SZ Pic,Gaia DR3 4803409475871194624,185.01339721679688,88.36399235420666,-43.55894829958572
HD  32517,HD  32517,Gaia DR3 4810788405781049600,93.79740142822266,75.4007423517914,-44.830564411028845
V* T Tau,V* T Tau,Gaia DR3 48192969034959232,145.1357745170607,65.49763291666666,19.535120000000003
CD-39  1935,CD-39  1935,Gaia DR3 4819467229015867648,225.40499877929688,80.69040058971167,-39.28499737972396
CD-45  1384,CD-45  1384,Gaia DR3 4838343163605429760,101.08689880371094,60.97279865647686,-44.65875404402606
UCAC4 233-004158,UCAC4 233-004158,Gaia DR3 4841603146861616896,93.5479947987315,59.62376145569007,-43.42144929079583
2MASS J04291842-3123568,2MASS J04291842-3123568,Gaia DR3 4872659466967320576,17.00868293263711,67.3272896118439,-31.398652716282406
CD-27  1701,CD-27  1701,Gaia DR3 4892280324981220224,371.0437460576602,66.40710923448295,-27.045073242373373
LP  834-32,LP  834-32,Gaia DR3 4894315447987680640,16.773300170898438,68.90113171549795,-25.46047870256822
HD   8558,HD   8558,Gaia DR3 4909846500703006976,45.23139953613281,20.839329303533823,-57.48090751727353
V* BC Phe,V* BC Phe,Gaia DR3 4910693055937045888,112.4999008178711,20.5790036577259,-56.73158964643604
HD   3237,HD   3237,Gaia DR3 4926330860064079872,258.2586975097656,8.791887307738017,-50.33475090811129
V* BW Phe,V* BW Phe,Gaia DR3 4928347433108236416,31.417000995918933,14.23177290647748,-51.87546502553087
V* DG Phe,V* DG Phe,Gaia DR3 4928644747924606848,15.926356527417223,17.25788966853827,-51.013378113702665
HD  14366,HD  14366,Gaia DR3 4938300659039198592,256.6564025878906,34.43129741210769,-50.245049163765074
UCAC4 236-002415,UCAC4 236-002415,Gaia DR3 4946915641880235904,39.51491490463076,39.951985413458445,-42.884856813114084
V* CC Eri,V* CC Eri,Gaia DR3 4946938113149426944,11.520700454711914,38.59437994852723,-43.797656906533284
HD  10922,HD  10922,Gaia DR3 4954077173428971520,82.88999938964844,26.553516594686585,-46.94806509423127
Gaia DR3 4975284381905517824,Gaia DR3 4975284381905517824,Gaia DR3 4975284381905517824,15.094544680606981,11.436071926527749,-47.548637979609296
Gaia DR3 4975284381907834752,Gaia DR3 4975284381907834752,Gaia DR3 4975284381907834752,14.949850725740504,11.435777957393372,-47.54849900150127
HD   2726,HD   2726,Gaia DR3 4975675979846583296,89.80970001220703,7.6095876720499716,-48.215267130652386
CD-39   325A,CD-39   325A,Gaia DR3 4988735051246293504,49.93932372167816,18.367974427645134,-38.35104130877387
CD-38   336,CD-38   336,Gaia DR3 4989261339359367168,284.75390625,15.051214381670489,-38.31064789381195
G 269-153B,G 269-153B,Gaia DR3 5015892473055253248,25.127080208152734,21.116569415584674,-33.919460773430735
HD   9770C,HD   9770C,Gaia DR3 5022972468944971648,21.849995411500966,23.75506775545655,-29.90937914705131
CD-28  1030,CD-28  1030,Gaia DR3 5059643105878789632,19.616600036621094,46.98061747753933,-28.22022128578243
2MASS J02412721-3049149,2MASS J02412721-3049149,Gaia DR3 5065500341757331712,45.04321896860037,40.36395712548707,-30.820941761170673
HD  10611B,HD  10611B,Gaia DR3 5135642002423826560,30.580572162505163,25.809376750864896,-21.615652595985825
G 272-50,G 272-50,Gaia DR3 5139838838307254144,30.256270612084354,23.918104782668482,-20.061673523691788
RX J0215.9-0929,RX J0215.9-0929,Gaia DR3 5176144780975494144,41.65052708742029,33.99603744969769,-9.486954819276527
V* DR Oct,V* DR Oct,Gaia DR3 5191563228620951424,122.77570343017578,151.84384038168466,-85.07407487186471
Ass Cha T 2-21,Ass Cha T 2-21,Gaia DR3 5201203647406601600,178.0373166215639,166.56354729508055,-77.36576140794992
ASAS J081940-7401.3,ASAS J081940-7401.3,Gaia DR3 5219983787046519168,64.88408458289265,124.92922875764143,-74.02289673600153
HD  99558,HD  99558,Gaia DR3 5224570777761543808,266.3788146972656,171.44984130561235,-76.5081395313343
UCAC4 094-020646,UCAC4 094-020646,Gaia DR3 5230353246852075904,657.4329833984375,152.52953613955125,-71.30782685562761
HD 310308,HD 310308,Gaia DR3 5231722379355280000,129.26739501953125,164.92023051288896,-69.2842961104537
V* GT Mus,*  12 Mus,Gaia DR3 5236523877939131008,141.7082061767578,174.8728743386449,-65.39777970019077
HD 310778,HD 310778,Gaia DR3 5237169669221576960,81.65869903564453,174.46399542801402,-65.76755488869809
Gaia DR3 5237270068366411392,,Gaia DR3 5237270068366411392,,173.9842259277706,-65.5033821431924
V* V385 Car,HD  96548,Gaia DR3 5240040631514998272,2799.552071668533,166.57165660288888,-65.50979697238908
TYC 8962-532-1,TYC 8962-532-1,Gaia DR3 5241745115057943936,338.127197265625,164.17537895538777,-62.29463640107219
TYC 8946-1483-1,TYC 8946-1483-1,Gaia DR3 5255990456414479744,258.1742858886719,148.15984831845324,-62.3872337107381
V* V396 Car,HD  86161,Gaia DR3 5259375577836135168,2283.10502283105,148.72035208605246,-57.72727605176957
HD  87525,HD  87525,Gaia DR3 5259763533631431936,317.17041015625,150.9688457911756,-56.18969390232011
V* AE Men,V* AE Men,Gaia DR3 5266088852223008512,293.2379332590464,96.41777815349585,-72.04306689718257
CPD-64   887,CPD-64   887,Gaia DR3 5273149812814876672,125.1415023803711,126.78972469549917,-65.0781655113602
HD  46605,HD  46605,Gaia DR3 5280219054107537792,434.5686950683594,97.20863431211014,-68.13014829246389
2MASS J07420784-6243554,2MASS J07420784-6243554,Gaia DR3 5288949863624851200,26.01919937133789,115.53272510312564,-62.7317368650973
Gaia DR3 5293211398894457984,,Gaia DR3 5293211398894457984,,108.61716505160905,-60.57432617801728
Gaia DR3 5297173867008407552,,Gaia DR3 5297173867008407552,,135.2842160757089,-63.3360901850106
HD  77455,HD  77455,Gaia DR3 5297546498364785536,145.92520141601562,134.8355163652145,-63.4667431293904
V* V474 Car,V* V474 Car,Gaia DR3 5297948988345256576,201.922607421875,135.09796665802668,-63.00170516344112
SCR J0838-5855,SCR J0838-5855,Gaia DR3 5302788969815543936,11.111987723475963,129.50851733832945,-58.934301092646784
CD-57  2315,CD-57  2315,Gaia DR3 5304243658062322176,97.57679748535156,132.53346804766434,-57.766299342230354
CPD-55  1885,CPD-55  1885,Gaia DR3 5305106431102283648,140.7819061279297,135.0140710504133,-55.640017151297684
Gaia DR3 5305975663776393984,,Gaia DR3 5305975663776393984,361.3122863769531,146.21935168274075,-57.59553950381841
UCAC4 169-026375,UCAC4 169-026375,Gaia DR3 5309864189715186048,137.6096954345703,138.98957997828148,-56.240507693229304
CD-54  2644,CD-54  2644,Gaia DR3 5310142950274535424,135.06170654296875,138.3202203189921,-55.48414383119786
2MASS J09180165-5452332,2MASS J09180165-5452332,Gaia DR3 5310606291358320512,51.556490446582316,139.50642991156346,-54.87578681326038
HD  74341B,HD  74341B,Gaia DR3 5315004200401758592,71.22760782079133,130.17933387313718,-57.54580127009279
TYC 8576-789-1,TYC 8576-789-1,Gaia DR3 5315255610606071552,70.27410125732422,128.5703779901087,-57.01542937825973
ASAS J114826-6115.3,ASAS J114826-6115.3,Gaia DR3 5334979333081018112,115.7750015258789,177.11391193714218,-61.25920215290344
HD 304428,HD 304428,Gaia DR3 5336687737963799680,112.34400177001953,173.03447098613447,-58.05559607176188
WR  38b,WR  38b,Gaia DR3 5337278278787851136,7507.5075075075065,166.57734733600267,-61.23714213140727
WRAY 15-682,WRAY 15-682,Gaia DR3 5338229115839425664,8680.555555555557,163.49818747928552,-60.44564322676116
UCAC4 169-070105,UCAC4 169-070105,Gaia DR3 5342369292491441664,110.06990051269531,176.96344069748582,-56.366379504364524
Gaia DR3 5342527965771021568,,Gaia DR3 5342527965771021568,,174.2531678761704,-57.68031834920035
Gaia DR3 5342804389867068032,,Gaia DR3 5342804389867068032,,172.08203538039675,-57.06742954677111
ASAS J115920-5440.1,ASAS J115920-5440.1,Gaia DR3 5344237500170145536,110.03400050615639,179.84195255540124,-54.674153177457434
UCAC4 170-066724,UCAC4 170-066724,Gaia DR3 5345926521837097216,108.11512098082038,171.88302586606662,-56.1995410101954
HD 300971,HD 300971,Gaia DR3 5351321271319687168,582.30943923601,161.1725749754374,-56.57274048910453
TYC 8601-3383-1,TYC 8601-3383-1,Gaia DR3 5354101115913192960,871.2177124023438,158.887478634562,-53.87432696539695
V* V543 Vel,CD-50  4879,Gaia DR3 5358517819760129664,216.90440368652344,152.7673291510976,-51.32995799417393
CD-47  5769,CD-47  5769,Gaia DR3 5365266381602474880,333.4939880371094,154.73306195848664,-48.42065646835119
1RXS J115928.5-524717,1RXS J115928.5-524717,Gaia DR3 5368479017141170304,9.460272531531087,179.85615309644894,-52.78916142373409
HD 104021,HD 104021,Gaia DR3 5368481662840656512,107.9447021484375,179.66196672869208,-52.76875362419435
HD 100133,HD 100133,Gaia DR3 5372802537376750080,244.7081854888046,172.71952248657223,-50.94270739677853
TWA 3A,TWA 3A,Gaia DR3 5396978667759696000,36.901100158691406,167.6156531439757,-37.53105714841606
TYC 8186-95-1,TYC 8186-95-1,Gaia DR3 5407543084728641408,91.87200164794922,151.60512400128377,-47.70382343899172
V* LU Vel,CD-45  5627,Gaia DR3 5408648849826522112,15.45359992980957,149.64610696127892,-46.42724566366923
[M81] I-308,[M81] I-308,Gaia DR3 5416606290347735040,85.09600067138672,156.50850040886783,-41.09830200222843
CD-40  5002,CD-40  5002,Gaia DR3 5428554992446544128,549.7576293945312,137.8991523807366,-41.28954600894595
CD-37  6436,CD-37  6436,Gaia DR3 5444926205186863872,273.9248046875,154.43609518392446,-38.0884042958024
HD  89697,HD  89697,Gaia DR3 5445339552837499008,319.4442138671875,155.0906767996108,-36.20378975745688
V* AK Pic,HD  48189,Gaia DR3 5479778765278589568,21.879348520518455,99.50108246925384,-61.53305327925275
V* AB Pic,HD  44627,Gaia DR3 5495052596695570816,50.12969970703125,94.80392459132621,-58.05411209740835
CD-56  1450,CD-56  1450,Gaia DR3 5496053289715459200,406.8275146484375,93.27494738611207,-56.34038616916114
Gaia DR3 5499773933983349504,,Gaia DR3 5499773933983349504,,94.4756884293632,-54.449687162875264
CD-46  3485,CD-46  3485,Gaia DR3 5518595477112147072,277.96551513671875,117.69806572308676,-46.752687646691484
HD  75347,HD  75347,Gaia DR3 5524172955997468672,438.7456970214844,131.982410557695,-42.58947167502936
V* VX Pyx,V* VX Pyx,Gaia DR3 5542781262598356608,136.72909545898438,128.2436491519788,-34.6340256225395
CD-35  4072,CD-35  4072,Gaia DR3 5545489875126696576,231.4694061279297,119.74110157521106,-35.37145918972815
HD  41824A,HD  41824A,Gaia DR3 5554191685020871424,30.64299964904785,91.19381858578474,-48.45839929665534
2MASS J06375666-3711326,2MASS J06375666-3711326,Gaia DR3 5580144591843832960,35.31460011512559,99.4858605370388,-37.191856030538226
HD  56142,HD  56142,Gaia DR3 5590148910708941568,235.38819885253906,108.55850035484647,-36.42660014575208
V* CY Pyx,HD  78644,Gaia DR3 5623132266681284480,49.805198669433594,137.07112833624763,-37.11488426486087
HD  74208,HD  74208,Gaia DR3 5626442896194176256,130.27369689941406,130.3385307155384,-35.95412133776409
HD  76298,HD  76298,Gaia DR3 5628906798669681152,175.25411847178407,133.5584484987233,-31.88514726459159
TYC 7151-762-1,TYC 7151-762-1,Gaia DR3 5635421439420753408,471.0650939941406,135.86621186093458,-30.373651365151943
ASAS J084944-3100.6,ASAS J084944-3100.6,Gaia DR3 5641193669310516096,410.75628662109375,132.4316721083469,-31.008997210816595
L  532-12,L  532-12,Gaia DR3 5641353923129557504,30.16327380108527,133.5085370096646,-30.860199165163625
CD-28  6572,CD-28  6572,Gaia DR3 5642583039694409216,386.88330078125,132.23221973505304,-28.800177984514615
CD-28  6606,CD-28  6606,Gaia DR3 5642611730074967040,757.1168988491823,132.58129857009774,-28.944092139940587
V* TY Pyx,V* TY Pyx,Gaia DR3 5648046341168575616,54.49409866333008,134.92777907172263,-27.816505839659726
ATO J137.1989-27.6803,ATO J137.1989-27.6803,Gaia DR3 5648230852964229760,519.7929077148438,137.1989503462152,-27.68035889854695
HD  77787,HD  77787,Gaia DR3 5651415210433351168,160.5290069580078,135.98362022194198,-23.848587148585633
V* V402 Hya,V* V402 Hya,Gaia DR3 5756823564825367936,47.536650757734215,133.30020589629424,-7.7227839535335825
ASAS J142845-7430.5,ASAS J142845-7430.5,Gaia DR3 5796192888624311936,58.44774479376713,217.19905141879082,-74.50591321918601
Gaia DR3 5796376816313164032,,Gaia DR3 5796376816313164032,90.67859649658203,217.9017898754104,-73.6674146389586
TYC 9261-1334-1,TYC 9261-1334-1,Gaia DR3 5798023644217810816,754.6600256584409,220.233287531138,-70.77056870853293
1RXS J173405.5-711539,1RXS J173405.5-711539,Gaia DR3 5804000348900069376,25.360177927008337,263.5204405551808,-71.25654769680236
TYC 9293-1369-1,TYC 9293-1369-1,Gaia DR3 5810000280767826688,334.6789855957031,264.14994694597164,-71.11284643652999
V* V824 Ara,HD 155555,Gaia DR3 5811866422581688320,30.34800052198561,259.3560288463286,-66.9516463630546
CD-63  1238,CD-63  1238,Gaia DR3 5817673772417658112,204.62869262695312,254.1368694716175,-63.883970479244354
UCAC4 131-159578,UCAC4 131-159578,Gaia DR3 5817680163344187264,512.1353149414062,254.2256477035599,-63.8235773861024
ASAS J152648-6553.6,ASAS J152648-6553.6,Gaia DR3 5824135602293972864,325.1503820516989,231.70488900882995,-65.89327033986845
V* LS TrA,V* LS TrA,Gaia DR3 5826978080376853888,113.07489776611328,231.93978214085982,-63.020806511833584
V* CM Nor,V* CM Nor,Gaia DR3 5834676689019113472,292.295101134105,243.2098072938818,-58.41135037305242
ASAS J122224-7136.8,ASAS J122224-7136.8,Gaia DR3 5842775554171002496,95.2031021118164,185.59257393741845,-71.61784782628845
CD-69  1055,CD-69  1055,Gaia DR3 5844573358774024320,95.11640167236328,194.60605291581425,-70.48039226617388
ASAS J131400-6846.5,ASAS J131400-6846.5,Gaia DR3 5844826212095061632,201.88519287109375,198.50445428088383,-68.77738619290889
1RXS J125608.8-692652,1RXS J125608.8-692652,Gaia DR3 5844909156504879360,91.61070251464844,194.0340895364987,-69.44842481496511
HD 128700,HD 128700,Gaia DR3 5848792769029094144,383.27978515625,220.38235125329302,-66.79460450118458
V* alf Cir,* alf Cir,Gaia DR3 5849837854861497856,16.39532405357992,220.62472315663254,-64.97617739215704
Gaia DR3 5850293224436890496,,Gaia DR3 5850293224436890496,,207.38780282917546,-68.30822992553006
V* tet Mus,* tet Mus,Gaia DR3 5858915766471945984,2167.7866897897247,197.0297594341892,-65.30602945763631
V* EE Mus A,V* EE Mus A,Gaia DR3 5860165876807095296,101.96040344238281,187.73462001056248,-65.8401356894002
2MASS J12203127-6504004,2MASS J12203127-6504004,Gaia DR3 5860870217105595136,122.67559814453125,185.1300374861143,-65.06696090189692
CPD-63  2367,CPD-63  2367,Gaia DR3 5861423821187455360,104.12002957008839,189.16197446325137,-63.745477382367476
V* FI Cru,V* FI Cru,Gaia DR3 5862876928853591040,103.71299743652344,191.14466503316962,-63.52956972943843
HD 312273,HD 312273,Gaia DR3 5863440943942345728,116.99359893798828,195.6956157461364,-62.233137480168814
UPM J1337-6538,UPM J1337-6538,Gaia DR3 5863734784140858240,101.16849613030503,204.47039961851635,-65.63393510689862
1RXS J134442.5-634758,1RXS J134442.5-634758,Gaia DR3 5864546021863527552,98.92077435182163,206.1779609415554,-63.79717203683862
RX J0915.7+0653,RX J0915.7+0653,Gaia DR3 586722739139332864,245.29644074864476,138.9299583333333,6.894508888888889
WR 62-1,WR 62-1,Gaia DR3 5879035832756714112,6644.518272425249,221.72317209297782,-59.32731855147802
V* V343 Nor,HD 139084,Gaia DR3 5882581895219921024,38.490299224853516,234.73936530440275,-57.708008517689656
HD 138589,HD 138589,Gaia DR3 5882681877717907712,141.68319637291017,233.94676980486992,-56.90389172568617
CD-52  6194,CD-52  6194,Gaia DR3 5897665511103933824,170.20117779215033,218.94997357950763,-52.682278689871715
HD 163029B,HD 163029B,Gaia DR3 5918461021173369984,40.92574024432667,269.3833248610535,-57.664266228378246
* R Ara A,* R Ara A,Gaia DR3 5927710108691789952,297.77020263671875,249.9362986245731,-56.99448696068281
HD 148937,HD 148937,Gaia DR3 5941151986262863104,1125.7708740234375,248.4682837623773,-48.11125857779851
TYC 8729-143-1,TYC 8729-143-1,Gaia DR3 5945136032270806528,562.6195566557893,266.487355507131,-52.54383978066592
HD 156385,HD 156385,Gaia DR3 5952743072247166464,1383.1258644536654,259.8745873213279,-45.639980733192765
Gaia DR3 5954839222405630720,,Gaia DR3 5954839222405630720,,267.2037794425423,-44.092660252571086
CD-43 11887,CD-43 11887,Gaia DR3 5955394544512544512,124.09919738769531,264.52532277733985,-44.058926703878505
Gaia DR3 5957337926975113472,Gaia DR3 5957337926975113472,Gaia DR3 5957337926975113472,100.03620147705078,266.61308355092234,-41.71326103162253
2MASS J17320606-3952257,2MASS J17320606-3952257,Gaia DR3 5961653578828921600,112.71410369873047,263.02528445813266,-39.873979342682844
HD 152270,HD 152270,Gaia DR3 5966509541883497984,1500.3750937734435,253.58207589631988,-41.81987959641257
HD 152408,HD 152408,Gaia DR3 5966563486675142912,1846.0402436773122,253.7437684795529,-41.15086637583546
V* V919 Sco,HD 151932,Gaia DR3 5968019618048049664,1788.9087656529516,253.080187908199,-41.854530063725456
HD 150372,HD 150372,Gaia DR3 5969200871522420992,224.43099975585938,250.59992409065006,-40.05833178692356
HD 149777,HD 149777,Gaia DR3 5969379129832538880,185.93581495667698,249.66022030339406,-39.55108404768213
HD 152705,HD 152705,Gaia DR3 5970189332424492160,15.668100357055664,254.17809476004484,-39.13735925768554
HD 151770,HD 151770,Gaia DR3 5971703085067765376,115.00270080566406,252.73950615093793,-36.755641075377255
HD 157529,HD 157529,Gaia DR3 5972521190445923072,123.73560333251953,261.3925506139671,-38.811272155533494
1RXS J171502.4-333344,1RXS J171502.4-333344,Gaia DR3 5978985558581221760,25.895700454711914,258.7592145205467,-33.56195269409699
HD 327816,HD 327816,Gaia DR3 5984927495551580672,339.9048266485384,241.65326706918952,-46.30724582387442
RX J1531.4-4711A,RX J1531.4-4711A,Gaia DR3 5986939704898034432,101.63944423551892,232.85373554608643,-47.18648300995277
TYC 7845-55-1,TYC 7845-55-1,Gaia DR3 5989480401391030528,168.46949768066406,237.49328255854664,-43.110386890431634
Gaia DR3 5992268350573835648,,Gaia DR3 5992268350573835648,188.47039794921875,245.53906522085398,-43.55842911539236
VASC J1628-41,VASC J1628-41,Gaia DR3 5992786564128914048,287.26849365234375,247.19703422729611,-41.8775613775786
RX J1608.9-3905,RX J1608.9-3905,Gaia DR3 5997035351934438784,156.74226868759698,242.22609392306913,-39.101713669503624
V* HR Lup,V* HR Lup,Gaia DR3 6005290206037557760,107.90750122070312,227.0503482758016,-40.584072205097485
CD-37 10122,CD-37 10122,Gaia DR3 6007138867342995200,227.0988006591797,229.53130893107252,-38.07345326914459
2MASS J15504672-3829267,2MASS J15504672-3829267,Gaia DR3 6008790677412412416,200.36830139160156,237.69460559802073,-38.49086301835171
BD+11  1857,BD+11  1857,Gaia DR3 602381910727382144,283.4949254408346,127.77640958333333,11.186081666666666
ASAS J162341-3306.2,ASAS J162341-3306.2,Gaia DR3 6024820560513713280,152.7747039794922,245.91987633866955,-33.104416066812036
HD 153888,HD 153888,Gaia DR3 6028073465759840000,133.47214436347133,255.8884147473162,-32.61418487301198
2MASS J16241860-2854475,2MASS J16241860-2854475,Gaia DR3 6038192786565512064,247.85459899902344,246.07748790203706,-28.913267753977294
CD-24 12794,CD-24 12794,Gaia DR3 6046931911141561600,80.49909973144531,250.98719191499544,-25.143754212290613
V* V2248 Oph,DoAr 51,Gaia DR3 6047570826172040960,147.11723772674443,248.04912511846956,-24.67277558221826
2MASS J16303563-2434188,2MASS J16303563-2434188,Gaia DR3 6047584810585556480,125.03900146484375,247.64846185558542,-24.57198475147837
CD-23 12815,CD-23 12815,Gaia DR3 6050318269513902976,131.84230041503906,244.07473716841255,-23.663306871827483
HD 147808,HD 147808,Gaia DR3 6051770105896200704,130.62162832921874,246.21397491788844,-22.659168196764163
UCAC4 343-082828,UCAC4 343-082828,Gaia DR3 6052211216217175040,141.17713495122328,245.74767230079354,-21.521925924413882
TYC 8983-2153-1,TYC 8983-2153-1,Gaia DR3 6053411535019155968,301.92325110956796,186.17439146972927,-64.6171050905281
HD 104919,HD 104919,Gaia DR3 6054046850929570560,101.0199966430664,181.2032048477983,-64.1654138757872
V* FT Cru,HD 112245,Gaia DR3 6055724499479516544,77.54039764404297,194.03867477099254,-61.457150815900526
Gaia DR3 6055915848895776000,,Gaia DR3 6055915848895776000,,197.5224987928405,-59.94918460205463
HD 110390,HD 110390,Gaia DR3 6056324729772558080,116.73515128875607,190.61302899292357,-61.018567806222386
HD 311775,HD 311775,Gaia DR3 6056356306358366080,99.55899810791016,191.2454643380925,-60.44475533400902
1RXS J124830.1-594449,1RXS J124830.1-594449,Gaia DR3 6056695059045701120,92.86344430514929,192.13101446849606,-59.74710537476609
HD 110244,HD 110244,Gaia DR3 6059997201683638016,104.59149932861328,190.32543390432755,-58.432279913124965
2MASS J12411522-5823312,2MASS J12411522-5823312,Gaia DR3 6060009296312432896,119.66519927978516,190.31318956075629,-58.39204774298795
[FS2003] 0652,[FS2003] 0652,Gaia DR3 6061619084401853952,130.468505859375,193.06110661507608,-55.89376459081534
TYC 8674-2317-1,TYC 8674-2317-1,Gaia DR3 6062016420446377856,107.62110137939453,200.33415326248485,-59.06234840964628
HD 113902,HD 113902,Gaia DR3 6067992334818940032,97.97530364990234,196.90923599727876,-53.45985841663841
ASAS J121704-5743.9,ASAS J121704-5743.9,Gaia DR3 6071720710040995072,201.15029907226562,184.26867653345076,-57.73223693279365
Gaia DR3 6071982256374864256,,Gaia DR3 6071982256374864256,,180.47187376976103,-58.68273538629467
HD 105785,HD 105785,Gaia DR3 6072502531530961664,104.96700286865234,182.67499941876574,-56.44237090185371
HD 108568,HD 108568,Gaia DR3 6072808986031310208,120.37640380859375,187.16660472998225,-55.45541148195626
PM J12160-5614,PM J12160-5614,Gaia DR3 6072893029952309632,145.298095703125,184.0045691572243,-56.23533709372709
HD 109808B,HD 109808B,Gaia DR3 6073430618114925824,106.1334522027998,189.5299209014842,-55.93179942490752
V* V823 Cen,V* V823 Cen,Gaia DR3 6073847509116962944,123.74552969273986,194.24232241360025,-54.5874229700957
TYC 8648-2024-1,TYC 8648-2024-1,Gaia DR3 6073874172274615424,151.68719482421875,194.54886782647594,-54.1875099254109
TYC 8651-442-1,TYC 8651-442-1,Gaia DR3 6073980172067600640,118.36280567194564,191.9507259123788,-54.52526679012457
ASAS J124547-5411.0,ASAS J124547-5411.0,Gaia DR3 6074796250199371648,110.6802978515625,191.45321095925712,-54.18298362106529
UCAC4 181-092817,UCAC4 181-092817,Gaia DR3 6074814529592577792,115.27010345458984,191.54395393414933,-53.9188549824488
V* V1257 Cen,V* V1257 Cen,Gaia DR3 6075310478057303936,109.20600128173828,192.71407474395738,-51.943220090835354
CD-55  4499,CD-55  4499,Gaia DR3 6075548419252913152,113.77490234375,183.71767401893297,-55.78439238088953
UCAC4 171-078154,UCAC4 171-078154,Gaia DR3 6075685995648175872,107.04049682617188,181.5788547752038,-55.90646401650777
UCAC4 187-076054,UCAC4 187-076054,Gaia DR3 6077388658116297216,82.99581701082265,185.09569497504833,-52.70454151030392
HD 115029,HD 115029,Gaia DR3 6080772920538373376,214.21074052652997,198.81946721020108,-50.968805507536956
CD-48  8201,CD-48  8201,Gaia DR3 6082617587508723200,96.6355972290039,201.77453515368822,-48.93847920800847
UCAC4 208-075311,UCAC4 208-075311,Gaia DR3 6082669883033986560,129.0422484321367,202.28146486044196,-48.40663719022109
1RXS J132917.6-472316,1RXS J132917.6-472316,Gaia DR3 6083891474812040576,416.1101989746094,202.3276089009057,-47.38072211625156
Gaia DR3 6084991196899106176,,Gaia DR3 6084991196899106176,317.966796875,197.7298369009571,-48.73435310246746
Gaia DR3 6085748038854149120,,Gaia DR3 6085748038854149120,103.9885025024414,195.86250850221728,-47.70362611421318
TYC 8246-2900-1,TYC 8246-2900-1,Gaia DR3 6086452963246923392,96.19879913330078,196.70923600380436,-46.165662012435305
HD 120780B,HD 120780B,Gaia DR3 6093381394034220544,16.912700653076172,208.1477222966651,-50.92192218476952
TYC 8261-1690-1,TYC 8261-1690-1,Gaia DR3 6107254005256375040,145.02421904458043,205.10621969181793,-46.5643651285728
SV* ZI 1040,* phi Cen,Gaia DR3 6110381256839901440,136.7333984375,209.56763096582756,-42.10084266978547
Gaia DR3 6114913783071009152,,Gaia DR3 6114913783071009152,103.15779876708984,207.609791804289,-39.1048209116552
HD 124227,HD 124227,Gaia DR3 6124681161472991232,125.06739807128906,213.25242789069586,-31.23936860406002
Gaia DR3 6125793901610972928,,Gaia DR3 6125793901610972928,,184.37070786200863,-51.36939797544597
HD 105070,HD 105070,Gaia DR3 6126370801621215872,107.13289642333984,181.44758260160435,-51.003407731535304
HD 110817,HD 110817,Gaia DR3 6128156202336951424,118.33260345458984,191.27794850439074,-47.71622939552698
TYC 8237-1980-1,TYC 8237-1980-1,Gaia DR3 6129644528767317504,101.22174648001376,182.36037037174268,-49.39692012118417
1RXS J125423.1-470630,1RXS J125423.1-470630,Gaia DR3 6134015259283555584,25.215900421142578,193.59540727930252,-47.10629330274806
L  401-70,L  401-70,Gaia DR3 6136434116145003392,42.52062250191343,199.88371176749686,-42.75908323589427
HD 111227,HD 111227,Gaia DR3 6138425847095084288,162.48089599609375,192.032220502217,-44.65474064789644
1RXS J123658.1-421544,1RXS J123658.1-421544,Gaia DR3 6145852528447523456,24.446699142456055,189.2396992131008,-42.26327220413992
CD-30 10102,CD-30 10102,Gaia DR3 6160590283522417024,354.5296936035156,191.44835968028536,-31.50178753517562
PM J13285-3654,PM J13285-3654,Gaia DR3 6162963270134151168,35.73662110247476,202.13610747092372,-36.906540967526205
CD-34  9097,CD-34  9097,Gaia DR3 6164147031840305536,398.4963073730469,205.87945972478403,-35.3403259038306
Gaia DR3 6167873620343905280,,Gaia DR3 6167873620343905280,494.677490234375,203.3813406491033,-34.34946663341537
CD-31 10490,CD-31 10490,Gaia DR3 6168681486512479488,541.056884765625,204.0622987714293,-32.35811223784246
V* V988 Cen,V* V988 Cen,Gaia DR3 6171047257578563456,125.27680206298828,209.39102491035015,-31.653143265019242
UCAC4 301-072374,UCAC4 301-072374,Gaia DR3 6182507261114932992,31.171681151107844,199.42200510663366,-29.97561366213529
Gaia DR3 6183091647250970112,,Gaia DR3 6183091647250970112,,199.99777673990513,-28.898991295124514
CD-28 10066,CD-28 10066,Gaia DR3 6188246058977664256,360.8370056152344,201.56898413415064,-29.0864985679283
CD-24 10935,CD-24 10935,Gaia DR3 6190136497422841344,218.69149780273438,202.29591788241163,-25.398105579340907
HD 138009A,HD 138009A,Gaia DR3 6206800661293799040,105.99259948730469,232.60918677246272,-32.30374478184778
V* LT Lup,V* LT Lup,Gaia DR3 6207170234643124480,115.56839752197266,228.9389093225196,-33.533381975754715
Gaia DR3 6207440023010164224,Gaia DR3 6207440023010164224,Gaia DR3 6207440023010164224,117.89119720458984,228.13012010113562,-33.02149338332271
CD-30 12142,CD-30 12142,Gaia DR3 6208166357818567680,121.97219848632812,230.10049490370804,-30.625617829226634
CD-26 10417A,CD-26 10417A,Gaia DR3 6223456372670070656,42.60929870605469,219.94607036244975,-26.6982176743192
ATO J238.2784-22.7882,ATO J238.2784-22.7882,Gaia DR3 6237342208100574464,142.9265643312466,238.27839337138442,-22.788267400988573
CD-24 12231,CD-24 12231,Gaia DR3 6238094097954087808,128.1427001953125,235.3799717127185,-25.343536399632004
V* V1044 Sco,HD 143937,Gaia DR3 6243343170769568128,42.86859893798828,241.01040174861657,-21.92844325971044
* nu.02 Sco A,* nu.02 Sco A,Gaia DR3 6245698187231874816,142.2626953125,242.99386579302194,-19.450285245533998
HD 142987,HD 142987,Gaia DR3 6248340348034690688,129.03720092773438,239.5855638389181,-18.623752712594293
ASAS J160835-1912.0,ASAS J160835-1912.0,Gaia DR3 6248755585472315392,119.84659635666348,242.14314071731212,-19.199059818943756
V* AD Leo,V* AD Leo,Gaia DR3 625453654702751872,4.965085518632973,154.90116999999998,19.870002777777778
V* IV Lib,HD 139183,Gaia DR3 6255130760043614336,292.39766081871346,234.30575608401932,-18.335022548209235
V* PS Lib,V* PS Lib,Gaia DR3 6256514254910466304,231.99749755859375,229.3382932827242,-19.016589532399706
HD 123037,HD 123037,Gaia DR3 6291206045789315328,88.04640197753906,211.4108580206315,-18.072555863371125
V* UZ Lib,V* UZ Lib,Gaia DR3 6318307633024991232,213.27310180664062,233.0968124530189,-8.533608083132345
V* del Lib,* del Lib,Gaia DR3 6332277920392457472,107.73075928639145,225.24283457293987,-8.51897410767388
V* FT Oct,ASAS J212528-8138.5,Gaia DR3 6348514275456913792,34.44060134887695,321.36635616111846,-81.6415043786703
V* CF Oct,V* CF Oct,Gaia DR3 6349807885246622464,220.931396484375,312.40531326083067,-80.13354787192226
PM J21570-5606,PM J21570-5606,Gaia DR3 6412916829023660800,87.07060241699219,329.26622739880776,-56.10055929512619
HD 197192,HD 197192,Gaia DR3 6425298734405767296,40.27807986337675,311.4853389996902,-66.16614266154009
Gaia DR3 6431525857169175040,,Gaia DR3 6431525857169175040,153.5876007080078,271.64995693301023,-70.62720910265928
ASAS J192249-6311.1,ASAS J192249-6311.1,Gaia DR3 6441658161757713920,73.35559844970703,290.71124658102485,-63.18313058409379
HD 186565,HD 186565,Gaia DR3 6442006951757521664,339.66510009765625,297.2223439240125,-62.13131275522047
UPM J2053-6223,UPM J2053-6223,Gaia DR3 6451144236982039680,21.6112003326416,313.482270381822,-62.39963437665979
HD 204353,HD 204353,Gaia DR3 6452221724017193216,180.06014008678898,322.6045205685051,-60.207088204064576
CD-59  7607,CD-59  7607,Gaia DR3 6456236212769737472,124.47859954833984,314.8276567895588,-59.03288057578832
V* BP Ind,V* BP Ind,Gaia DR3 6457586653566128640,45.06230163574219,312.67959813713105,-56.242515662497155
CD-55  8799,CD-55  8799,Gaia DR3 6463546350186454144,205.12319946289062,320.1836453471681,-54.633105555805805
V* BR Ind A,HD 201427A,Gaia DR3 6464757870268513152,51.65556072111162,317.84486963364134,-52.33918048076727
V* BS Ind,V* BS Ind,Gaia DR3 6466063063582742656,60.61965410425368,320.2494809027634,-52.4782560168188
HD 195289,HD 195289,Gaia DR3 6467817609261492224,104.13737802909598,308.3055192930952,-58.112473850141086
Gaia DR3 6468991303565458816,,Gaia DR3 6468991303565458816,,307.00048512075205,-56.16347530821324
Gaia DR3 6469189696694497408,,Gaia DR3 6469189696694497408,,306.79216217237087,-55.830307309983255
2MASS J20423672-5425263,2MASS J20423672-5425263,Gaia DR3 6470742481994348416,45.537133255313044,310.65314808632206,-54.424411596247964
CD-54  8764,CD-54  8764,Gaia DR3 6471134835842209792,340.9737854003906,311.08724813198256,-53.8509176383063
V* CX Ind,CD-50 13207,Gaia DR3 6478107251392112640,225.59039306640625,315.338056642082,-49.55210268142549
HD 224361,HD 224361,Gaia DR3 6487463923545456384,63.7442072451666,359.33369043901786,-62.956476619115
Gaia DR3 6508997309018303744,,Gaia DR3 6508997309018303744,,333.0687677272602,-54.55458990253767
UCAC3 83-414538,UCAC3 83-414538,Gaia DR3 6523442177388623488,24.952091983391888,354.06526390427445,-48.58364078721765
V* TZ PsA,HD 217344,Gaia DR3 6554844401276275712,83.83290100097656,345.11766870906047,-33.745748964489025
V* Z Ind,V* Z Ind,Gaia DR3 6559052816392332288,194.50909423828125,328.6016048687864,-49.944782635480266
UCAC2  11450508,UCAC2  11450508,Gaia DR3 6560463421092689024,344.8633117675781,331.68635719025997,-47.73749262095575
V* CP Gru,V* CP Gru,Gaia DR3 6561698791124472960,274.24371337890625,329.6574108107043,-45.74334615380629
RX J2117.5-4444B,RX J2117.5-4444B,Gaia DR3 6576809826100275456,18.153400421142578,319.392039084495,-44.742659717678805
RX J2117.5-4444A,RX J2117.5-4444A,Gaia DR3 6576809826101726208,17.892480506142487,319.39204113945715,-44.74289124394539
ASAS J210108-4158.9,ASAS J210108-4158.9,Gaia DR3 6581242885184921728,54.890164780274674,315.2830639290132,-41.98143635806243
V* AF PsA,HD 214971,Gaia DR3 6597453015177982720,235.52132645611061,340.6103367574256,-34.07487566334163
V* WW PsA,V* WW PsA,Gaia DR3 6603693881832177792,20.867329691288727,341.24246814684966,-33.251032101917744
UCAC4 286-221890,UCAC4 286-221890,Gaia DR3 6603739438550692480,29.391795574183423,341.282358273555,-32.86434404800576
V* CU Cnc,V* CU Cnc,Gaia DR3 662732046688476288,16.64996120559039,127.90655875,19.39427722222222
HD 175897,HD 175897,Gaia DR3 6633474669669267712,100.25140380859375,285.2785730228091,-58.89191823936698
CD-54  8168,CD-54  8168,Gaia DR3 6644173192685587328,52.498199462890625,287.3393903084559,-54.28576659643532
WT 625,WT 625,Gaia DR3 6644254522186867072,32.89625180106979,286.335153113743,-54.579490225372275
L  274-89,L  274-89,Gaia DR3 6644841042920381184,23.587186496807476,289.25946983117194,-52.647920513638645
V* PZ Tel,V* PZ Tel,Gaia DR3 6655168686921108864,47.22249984741211,283.2745858784294,-50.18090714864019
TYC 8380-1953-1,TYC 8380-1953-1,Gaia DR3 6659818109278047744,527.2152709960938,290.7184050317509,-48.53628778569473
HD 195305,HD 195305,Gaia DR3 6675701310653588096,200.96209716796875,308.04525936866685,-44.757719385580515
TYC 7967-1203-1,TYC 7967-1203-1,Gaia DR3 6678187272084174592,211.14410400390625,311.2982385935235,-40.83273164171061
CD-40 14016,CD-40 14016,Gaia DR3 6678683014390392064,273.0423889160156,311.403360769732,-39.832434756170706
2MASS J18151564-4927472,2MASS J18151564-4927472,Gaia DR3 6706431763001502848,61.98513596439574,273.8152222814037,-49.4634529565478
HD 180235,HD 180235,Gaia DR3 6712758941319393664,117.6395034790039,289.43230907573997,-44.004789201830455
L  491-42,L  491-42,Gaia DR3 6717813842950778880,21.262800216674805,288.2857346527281,-39.03273448995158
2MASS J18025911-4126453,2MASS J18025911-4126453,Gaia DR3 6725401465316090880,29.633499145507812,270.74611870631617,-41.44644367571541
2MASS J19243494-3442392,2MASS J19243494-3442392,Gaia DR3 6742986538895222144,51.5466574569972,291.1457820661295,-34.71127088024054
HD 182928,HD 182928,Gaia DR3 6744215934631292160,196.1063995361328,292.1333096784772,-35.13307987885469
UCAC3 116-474938,UCAC3 116-474938,Gaia DR3 6747467431032539008,68.51069641113281,299.0124266822327,-32.12217413843796
1RXS J185803.4-295318,1RXS J185803.4-295318,Gaia DR3 6760846563417053056,74.34004623950875,284.517373475387,-29.884844340176983
HD 182346,HD 182346,Gaia DR3 6772298492399894656,47.7156982421875,291.275961079988,-23.041972517104377
CD-38 14209,CD-38 14209,Gaia DR3 6778206443251140608,670.8565063476562,311.5050680044522,-37.62572470467446
V* BO Mic,V* BO Mic,Gaia DR3 6778413151435607680,51.02483378660394,311.93762710535583,-36.59502145007595
V* BM Mic,V* BM Mic,Gaia DR3 6787577134175422848,149.25909423828125,318.6297508376557,-30.757658852477757
HD 200244,HD 200244,Gaia DR3 6807464138426082816,138.77740478515625,315.74270865827816,-22.9339141656982
UCAC4 354-189365,UCAC4 354-189365,Gaia DR3 6833291426043854976,33.5961673492288,317.5196426869063,-19.342210701648092
BPS CS 22898-0065,BPS CS 22898-0065,Gaia DR3 6833292181958100224,32.36465908686351,317.5227489126817,-19.333074282901055
V* AD Cap,V* AD Cap,Gaia DR3 6838132025984906624,258.9657897949219,324.9540186046024,-16.005850864595118
V* del Cap,* del Cap,Gaia DR3 6838311796136238976,11.866619200189866,326.76139246141946,-16.128607188133948
SCR J2010-2801,SCR J2010-2801,Gaia DR3 6846651450099142016,46.40694247859479,302.5004572716758,-28.02839732080553
ASAS J201925-2513.8,ASAS J201925-2513.8,Gaia DR3 6848946444401062656,362.20208740234375,304.85357413137655,-25.228303325642404
HD 194959,HD 194959,Gaia DR3 6862646496722308224,142.0688018798828,307.24581342497146,-17.434863601902137
StKM 1-1876,StKM 1-1876,Gaia DR3 6896057214818851712,26.92007429940507,319.400308010856,-8.90324555850425
HD 198217,HD 198217,Gaia DR3 6913055153483574784,109.78459930419922,312.2483697525256,-6.7491720032557225
V* V837 Tau,HD  22403,Gaia DR3 69443337640657536,36.60255119781849,54.295992083333324,25.991098333333333
Wolf  341,Wolf  341,Gaia DR3 795459519818942848,28.504646257339946,150.75791833333332,34.55537444444444
PM J10581+5057,PM J10581+5057,Gaia DR3 836099398022603776,27.67239208458897,164.53132875,50.95079833333334
LP   93-440,LP   93-440,Gaia DR3 861101536524215680,42.2168935121078,168.42000375,60.71637944444445
V* V340 Gem,HD  57267,Gaia DR3 871136882231721600,467.2460517708625,110.38673208333333,26.159234444444444
V* V1376 Tau,RX J0331.1+0713,Gaia DR3 9770058461712000,101.27197601879608,52.784927499999995,7.223575555555556
* sig Ori,* sig Ori,Gaia DR3 3216486443742786048,328.9473684210526,84.68652242854718,-2.6000786610750604
HD  57555,HD  57555,Gaia DR3 5486710017860533376,59.737156511350065,109.61283149331709,-57.35191100546239
V* gam02 Vel,* gam02 Vel,,342.4657534246575,122.38312541666666,-47.33658611111111
V* BB Scl,HD   9770,Gaia DR3 5022972468946212352,26.018561641875312,23.755065414092623,-29.909847153327878
V* V1054 Oph,HD 152751,Gaia DR3 4339465085630200960,6.1954030109658635,253.866212216389,-8.340325829268696
HD 155063,HD 155063,Gaia DR3 4135439467475951232,132.27513227513228,257.502953494832,-18.01558926439098
V* V772 Her,HD 165590,Gaia DR3 4576326312902814208,32.57902041401419,271.4569899386254,21.445722941952678
HD 165590A,HD 165590A,,,271.45712666666657,21.445893055555555
Gaia DR3 6005771246680988416,,Gaia DR3 6005771246680988416,,231.1351886333753,-40.340078951558816
PM J05243-1601,PM J05243-1601,,,81.07973583333333,-16.02090833333333
LP  497-33,LP  497-33,Gaia DR3 3742871034173807488,16.39344262295082,198.5836695175309,13.33274141508003
V* V780 Tau,G 100-28,Gaia DR3 3428755925216353280,10.245901639344263,85.10759540891131,24.800548287073894
1RXS J200031.8+592127,1RXS J200031.8+592127,,,300.13245583333327,59.358089166666666
AX J1600.9-5142,AX J1600.9-5142,,,240.21032791666664,-51.71249388888889
[KSF2015] 1256-1483A,[KSF2015] 1256-1483A,,,265.24733333333336,-32.18947222222222
SCR J1746-3214,SCR J1746-3214,Gaia DR3 4055579464064558592,12.071000099182129,266.6704915930946,-32.23412636909977
EXO 040830-7134.7,EXO 040830-7134.7,Gaia DR3 4653866999617253376,57.99589920043945,62.02973771625461,-71.44977646511532
TYC 8332-2529-1,TYC 8332-2529-1,Gaia DR3 5938773021079334656,522.4804077148438,256.23437366246367,-48.350191643688696
UPM J1709-5957,UPM J1709-5957,,,257.44302083333326,-59.960425
V* lam Col,* lam Col,Gaia DR3 2890256052382220928,109.72029876708984,88.2786515361158,-33.801224883612235
BPS CS 29520-0077,BPS CS 29520-0077,Gaia DR3 4677731349742482176,24.58289909362793,71.70747886562587,-60.56918631271819
RX J2138.5-5050,RX J2138.5-5050,Gaia DR3 6465741903107929472,45.274066561932656,324.64779800999383,-50.85318667794854
WT 713,WT 713,Gaia DR3 6475208492064361216,37.39250183105469,307.3350155678066,-51.496245485503934
CD-51 13128,CD-51 13128,Gaia DR3 6558208838138808576,14.864517356553693,329.42143201446856,-51.00786556105539
PM J15587+2351E,PM J15587+2351E,Gaia DR3 1218502635856444672,35.50127804600966,239.68739063662417,23.854964560277132
V* AY Cet,*  39 Cet,Gaia DR3 2531779768115636992,74.83797578243104,19.15075342521739,-2.5006521246476354
* alf Psc A,* alf Psc A,Gaia DR3 2517584007848935808,50.50632591732115,30.511904676677545,2.7637593166659924
RX J0348.9+0110,RX J0348.9+0110,Gaia DR3 3269809871469588992,109.76948408342481,57.245000803256445,1.1815980116019358
UPM J0250-0559,UPM J0250-0559,Gaia DR3 5183868094246367488,30.116671987278718,42.66805334782239,-5.998153255557502
* ksi UMa B,* ksi UMa B,Gaia DR3 756853643637996160,8.734639045408768,169.54514999999998,31.529116944444443
V* FG UMa,V* FG UMa,Gaia DR3 1048662861419934848,194.0791015625,155.44706554485882,60.91274939064989
V* FF UMa,V* FF UMa,Gaia DR3 1064120689236346496,114.51380157470703,143.44375134264385,62.827750415682104
Gaia DR3 1259198997173292672,,Gaia DR3 1259198997173292672,,213.67983141008725,26.27769358169303
LP  325-68,LP  325-68,Gaia DR3 1279558241667996160,36.54022530702924,219.32590456224003,26.883559681983275
V* V1246 Her,ROTSE1 J170757.98+291914.9,Gaia DR3 1308955403024887168,300.3175964355469,256.9914650259048,29.320968767354625
Gaia DR3 1374013506039957248,,Gaia DR3 1374013506039957248,,232.81930490182555,34.690797540477895
BD+42  2437,BD+42  2437,Gaia DR3 1500689752504456576,229.3104634364466,206.5062436061709,42.01880266367085
ATO J183.5330+47.2673,ATO J183.5330+47.2673,Gaia DR3 1545247048904161664,38.814752711210474,183.53297927178696,47.267364915242865
V* WW Dra,HD 150708A,Gaia DR3 1624551008683167616,154.3257507947776,249.7667853497691,60.69939827230275
Gaia DR3 1846427022035230592,,Gaia DR3 1846427022035230592,,314.55224665087013,29.345748804235644
HD 203454,HD 203454,Gaia DR3 1965602679357877504,26.71540069580078,320.2558440613346,40.34402530397963
V* V2015 Cyg,V* V2015 Cyg,Gaia DR3 2071438198315555584,193.3061981201172,308.47861513356236,46.69387431521622
SDSS J020648.78-061416.3,SDSS J020648.78-061416.3,Gaia DR3 2490646557083919104,465.4764099121094,31.70327988792675,-6.237907754863565
G 159-10,G 159-10,Gaia DR3 2512515156165604096,25.83438608456628,28.458137719986134,3.2229517483500776
Gaia DR3 2627793452779850880,,Gaia DR3 2627793452779850880,150.2136993408203,334.449495737832,-3.010884634571222
Gaia DR3 2683284086646297984,,Gaia DR3 2683284086646297984,,331.075479789535,2.6053914243927947
Gaia DR3 2866918952441234944,,Gaia DR3 2866918952441234944,,355.96248054053973,28.749604280623004
* lam Lep,* lam Lep,Gaia DR3 2988329637719192960,394.743896484375,79.89385682650418,-13.17679073992929
V* V1051 Ori,V* V1051 Ori,Gaia DR3 3010356669556499456,184.99676255665526,85.1924634797357,-10.408668447365478
Gaia DR3 3117120863523946368,,Gaia DR3 3117120863523946368,,97.35079477386645,-2.8171307181240244
HD  35502,HD  35502,Gaia DR3 3211026372078082048,363.70249136206587,81.25501502950834,-2.815478316660979
HD  36150,HD  36150,Gaia DR3 3220337139620598784,106.30560302734375,82.42370106902293,-0.802800195224556
G  74-6,G  74-6,Gaia DR3 326301623394590592,28.1172941040846,32.704290833333324,33.994640000000004
TYC 2834-1385-1,TYC 2834-1385-1,Gaia DR3 332960437612324608,142.10601108426886,34.60847624999999,40.56855361111111
HD  32595,HD  32595,Gaia DR3 3391443585811523072,759.843994140625,76.20454131174071,13.308847313862952
Gaia DR3 3393109345927427584,Gaia DR3 3393109345927427584,Gaia DR3 3393109345927427584,125.8302001953125,77.03768774762308,15.981088202454785
V* V1154 Tau,V* V1154 Tau,Gaia DR3 3418398212150505472,3288.272216796875,76.40715473414683,23.061016458388565
TWA 35,TWA 35,Gaia DR3 3465944500845668224,70.76039116344235,180.1142822387767,-34.093755525560375
Gaia DR3 3477650176513390848,,Gaia DR3 3477650176513390848,,175.08619539226873,-33.08877015242976
Gaia DR3 3580268215207612672,,Gaia DR3 3580268215207612672,,189.09642204883778,-7.7523424883532455
Gaia DR3 3667302325846472320,,Gaia DR3 3667302325846472320,77.28610229492188,213.06566557520827,2.4093101388858527
LP  610-59,LP  610-59,Gaia DR3 3805812959558176640,50.66061441193159,160.90664670736248,-0.8029156417481359
Ross  119,Ross  119,Gaia DR3 3912369208386557440,11.47719955444336,178.53324514004805,9.802773361080156
PM J00081+4757,PM J00081+4757,Gaia DR3 393155984814848128,18.648644616509273,2.026768333333333,47.95065888888889
HD 164224,HD 164224,Gaia DR3 4070812750998846720,234.30340576171875,270.24007583211267,-20.988166737328882
Gaia DR3 4150951648092395904,,Gaia DR3 4150951648092395904,,271.0283501437161,-12.192875164033234
Gaia DR3 4151060675856859136,,Gaia DR3 4151060675856859136,109.6759033203125,271.4213093366661,-11.759408183852827
2MASS J19551247+0045365,2MASS J19551247+0045365,Gaia DR3 4240284979281473920,180.51980590820312,298.8019874219685,0.7601086356146354
PM J15557-1020,PM J15557-1020,Gaia DR3 4346428219751350016,24.95680046081543,238.9268858802713,-10.334023684156296
SIPS J0038-7759,SIPS J0038-7759,Gaia DR3 4635583804874569728,51.62770080566406,9.54430559258079,-77.98423546387419
[W60] D43,[W60] D43,Gaia DR3 4660241864955331968,,83.90511533193077,-67.08939619004266
CD-44  1173,CD-44  1173,Gaia DR3 4848412525451859328,45.11108604939664,52.98238556267081,-43.987115470709924
LP  771-50,LP  771-50,Gaia DR3 5153710173923632000,29.70752937331967,44.11356805043994,-16.460420604493848
2MASS J10462256-6113379,2MASS J10462256-6113379,Gaia DR3 5242048923891529472,96.19840240478516,161.59363794890857,-61.22714434963242
V* IO Vel,V* IO Vel,Gaia DR3 5308854941119963648,172.93857221914777,144.51331226030112,-54.21906697105927
UCAC4 213-031289,UCAC4 213-031289,Gaia DR3 5329478893033604992,129.1685028076172,131.74936926339768,-47.54967298469256
TWA 3B,TWA 3B,Gaia DR3 5396978667757576064,37.13013741863858,167.61541010627627,-37.531441078575
HD  67951,HD  67951,Gaia DR3 5519677156043009152,365.7109420713868,122.09827979548494,-45.79523411180042
UCAC4 226-023661,UCAC4 226-023661,Gaia DR3 5520851571898351104,357.2832184072314,122.9544570047119,-44.89957803839983
Gaia DR3 5528304989417863424,,Gaia DR3 5528304989417863424,,129.29012134168826,-40.47682050292242
* k02 Pup,* k02 Pup,Gaia DR3 5612323414549657728,130.2021942138672,114.70770724641433,-26.803750887424282
HD 162128,HD 162128,Gaia DR3 5803642320424259584,132.82769775390625,269.0874333066087,-72.31235099443934
Gaia DR3 5817396489339336832,,Gaia DR3 5817396489339336832,,257.42751883033173,-63.07566004704595
UCAC4 129-071513,UCAC4 129-071513,Gaia DR3 5861945711251717888,102.05331265052864,193.09477601636178,-64.31086838797087
HD 116071A,HD 116071A,Gaia DR3 5869553472683695488,126.01124020262607,200.6151820613206,-60.29281718833619
UCAC4 149-129010,UCAC4 149-129010,Gaia DR3 5869560447765559936,110.41609954833984,201.0338600388199,-60.20541747198811
Gaia DR3 5940119166865444480,,Gaia DR3 5940119166865444480,608.3018188476562,253.01993202581792,-46.14349982114359
Gaia DR3 5969660050709091840,Gaia DR3 5969660050709091840,Gaia DR3 5969660050709091840,122.6156005859375,253.13707369058525,-40.38026663050692
Gaia DR3 5971238129102004992,Gaia DR3 5971238129102004992,Gaia DR3 5971238129102004992,164.20880126953125,253.07441216803247,-38.18922856821203
Gaia DR3 5971281937775791360,Gaia DR3 5971281937775791360,Gaia DR3 5971281937775791360,165.8582000732422,252.71233695760333,-38.20735676883068
THA 15-40,THA 15-40,Gaia DR3 5997388638756468736,159.97184495528788,242.55077380660822,-39.355100989383395
V* V1062 Sco,V* V1062 Sco,Gaia DR3 6017520318720281216,177.61099243164062,249.62884966905585,-39.15242441377621
Gaia DR3 6030626703472132736,,Gaia DR3 6030626703472132736,134.8574981689453,249.40028586795717,-31.67381531516186
GSS 20,GSS 20,Gaia DR3 6049135813472323072,137.0632821173536,246.48962714671967,-24.508942262887164
V* V2246 Oph,Haro 1-6,Gaia DR3 6049142032584969088,136.16743147374012,246.51251867033312,-24.39350624503321
GSS 35,GSS 35,Gaia DR3 6049161961233192576,146.5437652955055,246.6423853434658,-24.391308440363677
VSSG  11,VSSG  11,Gaia DR3 6049164877514306688,148.1042654028436,246.68230851262174,-24.276023319942478
Gaia DR3 6057329816508585088,Gaia DR3 6057329816508585088,Gaia DR3 6057329816508585088,110.82479858398438,195.5996815492344,-57.76504934298612
Gaia DR3 6062610225433820288,,Gaia DR3 6062610225433820288,,203.86857650530234,-57.25306670741313
UCAC4 166-081616,UCAC4 166-081616,Gaia DR3 6075429981240520704,104.99320220947266,180.33251060987376,-56.817435585879196
Gaia DR3 6090676737160646528,Gaia DR3 6090676737160646528,Gaia DR3 6090676737160646528,90.85489654541016,211.79038252213707,-50.03431156770472
V* V863 Cen,HD 105382,Gaia DR3 6126517517699891712,133.81199645996094,182.02153096729992,-50.661322294031365
Gaia DR3 6130530322820978304,,Gaia DR3 6130530322820978304,,180.15075027940435,-49.49059646166765
Gaia DR3 6130530322823774720,,Gaia DR3 6130530322823774720,,180.15116723927505,-49.49058120116625
Gaia DR3 6180928843454749056,,Gaia DR3 6180928843454749056,123.57869720458984,196.0924559705067,-31.798709561097077
UCAC4 259-075711,UCAC4 259-075711,Gaia DR3 6197960106773771776,119.93309783935547,226.32031118553945,-38.23679932311318
Gaia DR3 6235695792513633024,,Gaia DR3 6235695792513633024,,239.31964175243087,-25.488738140334494
V* V927 Sco,*   3 Sco,Gaia DR3 6235747125966268928,147.2675018310547,238.6646419613549,-25.243848064617076
V* V913 Sco,V* V913 Sco,Gaia DR3 6236109243250504576,148.10809326171875,239.6452163958625,-24.831598622578685
RX J1558.1-2405A,RX J1558.1-2405A,Gaia DR3 6236961742717464448,128.02960205078125,239.53387194380673,-24.098160765383515
V* V1040 Sco,HD 142184,Gaia DR3 6237015550067390592,145.19769287109375,238.48270056966044,-23.97820254162301
UCAC4 338-079303,UCAC4 338-079303,Gaia DR3 6243216486414537600,140.67449951171875,240.001469245381,-22.549961167089602
[PGZ2001] J160517.9-202420,[PGZ2001] J160517.9-202420,Gaia DR3 6244078950206439936,144.35638704834497,241.32459803292502,-20.405557408913033
2MASS J15563425-2003332,2MASS J15563425-2003332,Gaia DR3 6246974033037885056,140.32859802246094,239.14265696575495,-20.0593489553327
2MASS J16040975-1833367,2MASS J16040975-1833367,Gaia DR3 6249046852976613632,153.41079711914062,241.04058965454482,-18.560291072944207
HD 124498A,HD 124498A,Gaia DR3 6298167775459045632,28.988280038380484,213.58848617834568,-15.356876138958809
UCAC4 053-023945,UCAC4 053-023945,Gaia DR3 6349781084650820608,69.23817238920161,316.8693745690227,-79.44122505425139
UCAC4 048-020372,UCAC4 048-020372,Gaia DR3 6354622303067152768,75.07056633235241,330.35438270333174,-80.57655759582394
Gaia DR3 6554241971983423232,,Gaia DR3 6554241971983423232,,343.4484770092796,-35.623783141313574
G 275-23,G 275-23,Gaia DR3 6556746796910473472,38.89630126953125,349.10167602619396,-31.84346133014019
Gaia DR3 6569856995605449344,,Gaia DR3 6569856995605449344,,333.5969900721959,-41.87291667861283
UCAC3 89-412162,UCAC3 89-412162,Gaia DR3 6575769340208406144,31.600069520152946,320.57310452149335,-45.775304399503874
2MASS J20390476-4117390,2MASS J20390476-4117390,Gaia DR3 6681126197945439232,38.88890075683594,309.7702826436394,-41.294394654565394
SCR J1928-3634,SCR J1928-3634,Gaia DR3 6739573178062978944,25.139400482177734,292.1405142812056,-36.57702997871573
V* FI Cnc,V* FI Cnc,Gaia DR3 707686163705277184,206.67989417989418,128.07225291666666,29.319310833333333
V* DM UMa,V* DM UMa,Gaia DR3 861644351670829568,185.6596487319446,163.93143249999997,60.469366944444445
LP  532-81 C,LP  532-81 C,Gaia DR3 9178383766474496,25.142558305592708,51.42596624999999,5.864115555555555
Gaia DR3 961025698716736768,,Gaia DR3 961025698716736768,,,
2MASS J09481615+5114518,2MASS J09481615+5114518,,35.971869997661834,147.06725,51.24773555555556
2MASS J10534129+5253040,2MASS J10534129+5253040,,45.08261388995334,163.42203791666665,52.88446888888889
[VCS2020] BDR J1750+3809,[VCS2020] BDR J1750+3809,,,267.5047083333333,38.15541666666667
SCR J0103-5515,SCR J0103-5515,Gaia DR3 4914632365579875200,47.214353163361665,15.89929865424943,-55.265840341189275
G 165-61,G 165-61,Gaia DR3 1477446592088319872,16.666666666666668,214.2589179789399,31.712410442146457
* i Boo B,* i Boo B,Gaia DR3 1588936345294751872,12.806048552852484,225.94474343510842,47.654414825408395
V* OT Ser,V* OT Ser,Gaia DR3 1214160733157163008,11.451461263714556,230.47094024402693,20.97832225750799
2MASS J14333139+3417472,2MASS J14333139+3417472,Gaia DR3 1287845363887270400,47.485599517822266,218.38037745212281,34.29633241611881
V* EV Dra,V* EV Dra,Gaia DR3 1403766939225964288,57.48780059814453,240.44716923106932,51.347915840454625
V* CR Dra,BD+55  1823,Gaia DR3 1429437378934511616,20.14898156972656,244.27298578329305,55.2671877781025
V* V833 Tau,HD 283750,Gaia DR3 151650076838458112,17.39514640624973,69.20100874999999,27.132191111111112
G 123-35,G 123-35,Gaia DR3 1534831272173203072,23.50933202934905,187.2610461646017,41.72942423929911
G 223-74,G 223-74,Gaia DR3 1611087248283201024,18.38640022277832,219.22599903132598,58.34545498649245
TYC 2210-819-1,TYC 2210-819-1,Gaia DR3 1799807905112973824,277.86700439453125,327.89326827720055,26.64679455734526
Ross  776,Ross  776,Gaia DR3 1851868127125091840,19.70055161544523,319.02526757391206,29.864317928119615
Ross  826,Ross  826,Gaia DR3 1851868127125091968,20.042499542236328,319.0170758904822,29.862969517965567
BD+33  4462,BD+33  4462,Gaia DR3 1905374971433861120,208.6549072265625,333.61810634729017,33.94162844840278
G 190-27,G 190-27,Gaia DR3 1923896622760418176,15.052805240784673,352.34657450570336,41.46426656329359
V* CS Cet,V* CS Cet,Gaia DR3 2351327473088460288,93.49109649658203,16.70409486754384,-22.85625726533498
HD 223621,HD 223621,Gaia DR3 2390140439707258368,105.11730194091797,357.7890886495969,-19.04956688118198
V* FL Aqr,V* FL Aqr,Gaia DR3 2400808245117576704,8.838299751281738,339.69068815030255,-20.614689446269768
1RXS J001650.6-071013,1RXS J001650.6-071013,Gaia DR3 2431240115634106112,71.21980285644531,4.208590507092514,-7.170961004436129
RX J0143.7-0602,RX J0143.7-0602,Gaia DR3 2479453696216295296,21.381099700927734,25.938336565497654,-6.044620735641335
Gaia DR3 2505549337686811392,,Gaia DR3 2505549337686811392,40.26089859008789,25.991810682935878,-1.8250824240363064
L  788-34,L  788-34,Gaia DR3 2595284016771502080,7.234424284515438,335.78059284429975,-17.610507570693272
StKM 1-2018A,StKM 1-2018A,Gaia DR3 2609049322146297472,26.138802267802483,338.34528208518947,-9.614922668293527
V* FG Aqr,Wolf 1561 A,Gaia DR3 2616132101175106816,11.051030342814013,334.3269747930502,-8.804702900332636
V* SZ Psc,V* SZ Psc,Gaia DR3 2658507622907361536,112.4437026977539,348.34918214130636,2.675562277711697
V* EQ Peg A,BD+19  5116A,Gaia DR3 2824770686019003904,6.263176156839952,352.97012375450475,19.93699282660293
V* EQ Peg B,BD+19  5116B,Gaia DR3 2824770686019004032,6.2535762639259325,352.9716753030632,19.937313746866927
V* EZ Peg,V* EZ Peg,Gaia DR3 2844189676273462400,161.4261932373047,349.2219329109453,25.71953342461029
HD 220242,HD 220242,Gaia DR3 2844641816070874240,69.72579956054688,350.49227182385454,26.608571830224967
V* II Peg,HD 224085,Gaia DR3 2855095251072482432,39.12439601713648,358.76979425420905,28.633832306526546
TYC 1736-851-1,TYC 1736-851-1,Gaia DR3 2860458423979097984,54.75911465463426,4.294044004933888,29.530688499854428
V* OU And,V* OU And,Gaia DR3 2879545297298063488,140.22959899902344,357.4206611293978,36.42506931220349
RX J0711.2-2117A,RX J0711.2-2117A,Gaia DR3 2928420272788743296,19.860657626095314,107.82001459728738,-21.298800904869406
V* YZ CMi,V* YZ CMi,Gaia DR3 3136952686035250688,5.9791998863220215,116.1658359308822,3.5504844454883244
V* EI Eri,V* EI Eri,Gaia DR3 3195770373365197440,54.40814816426908,62.420554633310864,-7.892370797022711
RX J0520.5+0616,RX J0520.5+0616,Gaia DR3 3240923360251087104,97.50409698486328,80.13264012269349,6.26974068246389
HD  24681,HD  24681,Gaia DR3 3256189465023650048,55.66659927368164,58.83520889295704,-1.7296295355636968
HD  24916B,HD  24916B,Gaia DR3 3256334497479304832,15.350500106811523,59.36949755306553,-1.1571447425364605
V* V711 Tau,HD  22468,Gaia DR3 3263936692671872384,29.430548320545764,54.196900129947615,0.5870418111533462
G  99-49,G  99-49,Gaia DR3 3316364602541746048,5.1996002197265625,90.01597644159976,2.7063740799024933
V* V998 Ori,Ross   42,Gaia DR3 3338162729799839104,12.921899795532227,83.06025541111765,9.819849871438162
PM J04472+2038,PM J04472+2038,Gaia DR3 3410346286637015040,23.261277648936147,71.80145707098099,20.63589614554352
HD 115247,HD 115247,Gaia DR3 3634806603285152512,118.58470153808594,199.01254361885486,-5.668902230472798
G 124-43,G 124-43,Gaia DR3 3652910371473481344,17.518199920654297,216.9820370876051,-0.3751301143973934
G 124-44,G 124-44,Gaia DR3 3652910405833716864,17.437700271606445,216.98338440234295,-0.3717579253833862
G  13-22,G  13-22,Gaia DR3 3698534434669937024,8.08780116949605,183.56472559955648,0.6227271293051196
Gaia DR3 3762813911653741184,,Gaia DR3 3762813911653741184,33.99129867553711,163.31364867180298,-8.994737920656862
PM J09551-0819,PM J09551-0819,Gaia DR3 3771533721761978496,31.775699615478516,148.7894251635707,-8.32389203781162
PM J11422-0122,PM J11422-0122,Gaia DR3 3793898411041910144,18.49423627126606,175.55398369123793,-1.3687129840118293
G  10-49,G  10-49,Gaia DR3 3795993633527490560,18.8218994140625,176.9183832811517,0.2551360375501735
V* RY Sex,V* RY Sex,Gaia DR3 3858896247076028288,15.270299911499023,159.00215147100806,5.120786583129691
BD+36  2219,BD+36  2219,Gaia DR3 4031586157514097024,8.756999969482422,177.77908194992455,35.273139643103185
HD 321269,HD 321269,Gaia DR3 4039144234808290304,222.3345947265625,271.4851107902543,-34.641759668459486
UCAC3 152-281176,UCAC3 152-281176,Gaia DR3 4105057482987021184,18.006000518798828,281.25349053436855,-14.15148223686185
UCAC3 152-281185,UCAC3 152-281185,Gaia DR3 4105057482994688384,18.140490845401295,281.25425628648765,-14.151981665763437
PM J17394-2327,PM J17394-2327,Gaia DR3 4116504399886241792,18.66521326872681,264.84928189317486,-23.452189183848812
HD 162563,HD 162563,Gaia DR3 4119507440995141632,158.64109802246094,268.08065218141513,-19.121849339801653
PM J18057-1422,PM J18057-1422,Gaia DR3 4147112604476417792,9.452300071716309,271.43447434344563,-14.378357625594514
HD 159911,HD 159911,Gaia DR3 4161560427799517184,33.23699951171875,264.4435653798342,-13.246837610534449
SCR J2009-0113,SCR J2009-0113,Gaia DR3 4223813264304668288,10.840800285339355,302.32583654605094,-1.2289714355165018
* bet Aql B,* bet Aql B,Gaia DR3 4296708789289490816,13.599699974060059,298.82854636282065,6.408313496636442
1RXS J172615.6-031131,1RXS J172615.6-031131,Gaia DR3 4363875373342033664,18.52739906311035,261.5634344754104,-3.192392272704998
LSPM J1619+0140,LSPM J1619+0140,Gaia DR3 4408913744737288320,22.273451159889966,244.79571590214417,1.6780196174044082
G 183-10A,G 183-10A,Gaia DR3 4502798839309818368,20.733553108996286,268.25134217312507,16.91653367638175
G 183-10B,G 183-10B,Gaia DR3 4502798843608169600,21.05874969991282,268.25157090483185,16.916443459878547
V* V639 Her,Ross  867,Gaia DR3 4574048021719712640,10.757511701483354,259.9695666590066,26.502318754868263
RX J0419.2-7120A,RX J0419.2-7120A,Gaia DR3 4654199120848336384,52.78326137215367,64.80529376618387,-71.35331807624948
V* AB Dor,V* AB Dor,Gaia DR3 4660766641264343680,14.851536614235792,82.18736509782727,-65.44796165891661
V* CF Tuc,V* CF Tuc,Gaia DR3 4684818698623432576,87.47940063476562,13.286450228354413,-74.65146206232345
CD-56  1032A,CD-56  1032A,Gaia DR3 4776266794388393472,11.076700210571289,73.38100536092082,-55.8599651712478
SCR J0533-4257,SCR J0533-4257,Gaia DR3 4805600119646735616,10.424050369011383,83.3667058276365,-42.95553305572998
CD-35  2213,CD-35  2213,Gaia DR3 4822636399484228224,11.702489938784275,79.34425241093663,-35.36592307249036
UCAC2  15663091,UCAC2  15663091,Gaia DR3 4823476460727785728,42.49839568556287,76.09920834739316,-37.50570285904168
HD  23308,HD  23308,Gaia DR3 4835819303382515328,40.233299255371094,55.54059594356902,-45.95782773485185
UPM J0409-4435,UPM J0409-4435,Gaia DR3 4838250838987898880,14.666907203944811,62.384660594435694,-44.5937681602659
HD   3221,HD   3221,Gaia DR3 4901802507993393664,44.214698791503906,8.714179114938315,-61.916381256179015
CD-49   451,CD-49   451,Gaia DR3 4917782741272766592,22.203100204467773,24.34012397650971,-49.19514394700371
V* UX For,V* UX For,Gaia DR3 4952751402923758592,47.99270510882346,40.85702748285795,-37.92878353529694
2MASS J02295743-3606404,2MASS J02295743-3606404,Gaia DR3 4966072879648455296,19.73901079921281,37.489187626886974,-36.11070763794735
* alf For B,* alf For B,Gaia DR3 5059349158319689344,14.082741740824039,48.019242438399225,-28.984121178116506
2MASSI J0354200-143738,2MASSI J0354200-143738,Gaia DR3 5110641302736199424,17.791916420693422,58.583405672029585,-14.626996430366534
V* BL Cet,G 272-61A,Gaia DR3 5140693571158739840,2.719520363632507,24.771554293454546,-17.948299887129313
V* UV Cet,G 272-61B,Gaia DR3 5140693571158946048,2.6749103838148662,24.771674208211856,-17.947682860008488
2MASS J11414215-6521298,2MASS J11414215-6521298,Gaia DR3 5236539580341818624,100.75849914550781,175.4252212600259,-65.35832060080597
2MASS J08471906-5717547,2MASS J08471906-5717547,Gaia DR3 5304502936647141504,22.967650064883614,131.8283276427928,-57.298460350583476
HD  82533,HD  82533,Gaia DR3 5312052698887995392,54.2666015625,142.67769359508037,-53.52147215244746
TWA 22,TWA 22,Gaia DR3 5355751581627180288,19.79363159696999,154.36077015579116,-53.9073717343869
HD 102982,HD 102982,Gaia DR3 5368777294028600448,53.1510009765625,177.7875042854567,-51.8760714959614
CD-33  7795,CD-33  7795,Gaia DR3 5398663566249861120,49.674384410191195,172.97979588278142,-34.60765683405061
WT 2458,WT 2458,Gaia DR3 5439029627401396096,12.012055298697772,146.491875412928,-32.89101863068049
HD  56910,HD  56910,Gaia DR3 5485783679313899136,147.76723704820168,108.87099649713574,-58.54260750445327
ASAS J064119-3820.6,ASAS J064119-3820.6,Gaia DR3 5576851073482573952,111.92749786376953,100.32701956929749,-38.34342400558594
CD-30  6530,CD-30  6530,Gaia DR3 5640708647248169600,63.67885479947529,128.99871254809142,-30.70858670454957
SCR J1420-7516,SCR J1420-7516,Gaia DR3 5790131517243706752,24.490355697926155,215.15112948794152,-75.26846909507395
* zet TrA,* zet TrA,Gaia DR3 5808612830236138368,12.040499687194824,247.1198786603902,-70.08390985846162
* iot01 Nor C,* iot01 Nor C,Gaia DR3 5835692225477389568,40.994598388671875,240.87762813167717,-57.77683449327936
V* V645 Cen,NAME Proxima Centauri,Gaia DR3 5853498713190525696,1.3011000156402588,217.39232147200883,-62.67607511676666
CPD-62  4126,CPD-62  4126,Gaia DR3 5853502492753436416,665.4896850585938,216.76791915524447,-62.7820981795451
UCAC4 116-074732,UCAC4 116-074732,Gaia DR3 5857782032513889536,124.91429901123047,197.56831632183827,-66.9440972336262
V* V851 Cen,V* V851 Cen,Gaia DR3 5865871998528696576,74.06968475942166,206.0040319461099,-61.366374113773496
V* V841 Cen,V* V841 Cen,Gaia DR3 5878558747803059456,96.86479949951172,218.56590593144963,-60.40821130335994
CD-43  9546,CD-43  9546,Gaia DR3 5908372482296952064,14.133676310545136,225.319330232481,-43.65850785199451
WRAY 15-1674,WRAY 15-1674,Gaia DR3 5951200040752113280,53.51600128438403,259.9251559332322,-46.258006625439805
HD 321857,HD 321857,Gaia DR3 5969465746382705792,166.76394563495373,249.99694580994827,-39.416560105231405
CD-38 11343B,CD-38 11343B,Gaia DR3 5970189504209690496,15.768600463867188,254.20167987142375,-39.09401792053027
CD-38 11343A,CD-38 11343A,Gaia DR3 5970189504223192960,15.714099884033203,254.20268899770022,-39.09440697481273
HD 156781,HD 156781,Gaia DR3 5979547447728942080,201.8531951904297,260.2206301360518,-32.159327518466455
HD 156097,HD 156097,Gaia DR3 5980482376247739392,114.84259796142578,259.2414785467645,-31.151204562282857
UPM J1605-4947,UPM J1605-4947,Gaia DR3 5983356259047553792,16.141138111648253,241.289897795576,-49.799673535273236
PM J17021-2740,PM J17021-2740,Gaia DR3 6030284102539737728,23.874040561994917,255.53370583494313,-27.674485371140637
* i Sco,* i Sco,Gaia DR3 6046050824364599936,130.94239807128906,247.55195970622523,-25.115341157014107
V* V2130 Oph,EM* SR   20,Gaia DR3 6049107428032112384,138.09484353854228,247.13615259242033,-24.379294098035768
* rho Oph B,* rho Oph B,Gaia DR3 6050943410590451328,177.39450073242188,246.39592076294326,-23.44652445272394
* rho Oph A,* rho Oph A,Gaia DR3 6050943410590451456,137.72207684891887,246.3963061379905,-23.447279000082965
HD 147932,HD 147932,Gaia DR3 6050945747052676352,123.19974374453302,246.39613690149324,-23.40531652998211
UCAC4 124-057409,UCAC4 124-057409,Gaia DR3 6052999669198183168,104.68879699707031,183.1098595662969,-65.33978594673574
Gaia DR3 6061310052916532096,Gaia DR3 6061310052916532096,Gaia DR3 6061310052916532096,103.16799926757812,192.6866313239442,-56.91342307901903
Gaia DR3 6061701238540372480,,Gaia DR3 6061701238540372480,,193.10358546929933,-55.30423766705774
Gaia DR3 6077506851305480960,,Gaia DR3 6077506851305480960,100.00759887695312,186.25594684813308,-52.270748907366155
HD 109675,HD 109675,Gaia DR3 6079254941659027456,104.4201029582215,189.1939612039727,-50.33547318020877
HD 127444,HD 127444,Gaia DR3 6098208391815380480,113.23560333251953,218.209414999198,-46.70207815411515
WT 460,WT 460,Gaia DR3 6109949904687424640,9.113087030892455,212.99539892266262,-41.539721990460095
L  327-22,L  327-22,Gaia DR3 6131349562059299712,22.83501246791681,185.9092860303274,-46.1056960870971
HD 210547A,HD 210547A,Gaia DR3 6406144180994359424,171.8448028564453,333.2498411263321,-61.981355187880574
SCR J2241-6119A,SCR J2241-6119A,Gaia DR3 6406967509044836096,28.412723217456776,340.4362723950472,-61.32570605971657
UPM J2224-5826,UPM J2224-5826,Gaia DR3 6408509574103239552,15.845098318835069,336.1020654088805,-58.4372924747797
CD-64  1208,CD-64  1208,Gaia DR3 6438274728259539072,28.44294771332922,281.40458007645026,-64.86343307213502
TYC 9078-815-1,TYC 9078-815-1,Gaia DR3 6438561254116213760,404.81329345703125,286.01387555222624,-64.00397308781005
SCR J1845-6357,SCR J1845-6357,Gaia DR3 6439125097427143808,4.0053655877413386,281.29804386226,-63.96056736658412
LEHPM 2-783,LEHPM 2-783,Gaia DR3 6468337884421010048,16.35044898332908,304.9573471563971,-58.28012185634601
G   9-38A,G   9-38A,Gaia DR3 660597997696173440,5.150807929977857,134.5628120833333,19.763405
G   9-38B,G   9-38B,Gaia DR3 660597997697274752,5.0952324419563855,134.5631170833333,19.762732222222223
2MASS J19123926-5016173,2MASS J19123926-5016173,Gaia DR3 6658123517042686464,19.722387671141018,288.164090058716,-50.271765612752674
PM J19515-3510B,PM J19515-3510B,Gaia DR3 6746465363619405824,11.309146837962544,297.901838319155,-35.17702653343996
PM J19515-3510A,PM J19515-3510A,Gaia DR3 6746465363623545984,11.261500358581543,297.90137035633575,-35.17664567118845
* h02 Sgr,* h02 Sgr,Gaia DR3 6767903057227289088,58.82229995727539,294.1771467866805,-24.883724536359477
V* AT Mic A,V* AT Mic A,Gaia DR3 6792436799475128960,9.92141249165361,310.464334034236,-32.437036784381455
V* AT Mic B,V* AT Mic B,Gaia DR3 6792436799477051904,9.759900093078613,310.4647312153549,-32.437514921328194
V* AU Mic,HD 197481,Gaia DR3 6794047652729201024,9.714094762937231,311.2911826481039,-31.3425000799281
2MASS J21103096-2710513,2MASS J21103096-2710513,Gaia DR3 6801191424589717888,40.55720138549805,317.62939346252875,-27.181317661676555
LP  870-65,LP  870-65,Gaia DR3 6851779920225659136,18.250906157490718,301.1288564266629,-23.70213617627802
2MASS J09165078+2448559,2MASS J09165078+2448559,Gaia DR3 687790775678270336,35.09535407702728,139.21158041666666,24.81554861111111
HD 199143,HD 199143,Gaia DR3 6882840883188886784,45.85210037231445,313.94890428608846,-17.114444584368027
LP  755-19,LP  755-19,Gaia DR3 6904064446906104832,18.330999186103636,307.18249263835963,-11.475671724176959
V* FR Aqr,Ross  193,Gaia DR3 6913810483612308480,16.31730079650879,314.20579832436334,-4.847952653225154
LP  259-39,LP  259-39,Gaia DR3 715022826840557056,36.907859528686636,135.92408208333333,34.80614444444444
LSPM J1024+3902E,LSPM J1024+3902E,Gaia DR3 755921425282888960,17.90045556659417,156.0568008333333,39.042609166666665
V* CW UMa,V* CW UMa,Gaia DR3 758200712885953280,13.35400533358973,167.96558625,33.536452499999996
V* WX UMa,BD+44  2051B,Gaia DR3 778947608243864320,4.905993799805036,166.3786895833333,43.521634722222224
G 122-49,G 122-49,Gaia DR3 786834302080370304,8.042606512259345,177.74050208333333,48.37737805555555
LP  169-22,LP  169-22,Gaia DR3 788357434914248448,10.46877061039214,169.87754291666664,46.695314999999994
LP  212-62,LP  212-62,Gaia DR3 806039471675754112,18.19025184403678,155.9660870833333,43.89253472222222
V* BF Lyn,V* BF Lyn,Gaia DR3 812477352773908608,23.436273257571674,140.60809791666665,40.201056388888894
V* YY Gem,V* YY Gem,Gaia DR3 892348454394856064,15.080454223281203,113.65603083333332,31.869494166666666
V* BL Lyn,Ross  989,Gaia DR3 898506166187633280,11.990407673860911,112.98884624999998,36.229821388888894
LP  205-44,LP  205-44,Gaia DR3 958297608506090880,27.849490215081612,97.96140874999999,41.49596888888889
CD-58   538,CD-58   538,Gaia DR3 4726387007013852672,16.84352366515075,39.75473450592723,-58.18706606592923
* alf Gem,* alf Gem,,15.595757953836555,113.64947124999998,31.888282222222223
V* OY Vel,HD  77653,Gaia DR3 5323718860852841472,112.99435028248588,135.43558019351792,-52.18862992354079
V* i Boo,* i Boo,,12.507817385866167,225.94706499999998,47.654061666666664
HD  77653A,HD  77653A,,,135.43564333333333,-52.18868916666666
RX J0419.2-7120,RX J0419.2-7120,,,64.80626,-71.35312888888889
PM J19515-3510,PM J19515-3510,,11.723329425556859,297.899495,-35.177105
G 272-61,G 272-61,,2.6666666666666665,24.756053749999996,-17.950568055555554
StKM 1-2018,StKM 1-2018,,,338.34441374999994,-9.614926944444445
G  89-32,G  89-32,Gaia DR3 3142052633276822144,8.504124500382686,114.10571718789338,7.077276549440316
V* EI Cnc,G   9-38,,5.2631578947368425,134.56275708333334,19.763044444444443
G 131-26,G 131-26,Gaia DR3 2798766647610195456,18.09774592574495,2.2244339331135268,20.83928477475293
* sig CrB A,* sig CrB A,Gaia DR3 1328866562170960512,22.649099349975586,243.66878716838013,33.85822643128281
V* FK Com,V* FK Com,Gaia DR3 1443378980216311552,221.1938018798828,202.69474409501836,24.232619556370345
V* BH CVn,V* BH CVn,Gaia DR3 1475118788534734592,46.888260586197035,203.6996807618988,37.182371955123614
V* BI Cet,V* BI Cet,Gaia DR3 2534358706998049792,62.256034166111554,20.7090531400849,0.7109922107937554
SV* ZI  760,V* GS Leo,Gaia DR3 589720969909457792,35.426571345572036,142.64930999999999,10.601734722222222
V* sig Gem,* sig Gem,Gaia DR3 878467085735262720,36.871796762656246,115.82803166666666,28.88350861111111
